#
# There is insufficient memory for the Java Runtime Environment to continue.
# Native memory allocation (mmap) failed to map 1430257664 bytes. Error detail: G1 virtual space
# Possible reasons:
#   The system is out of physical RAM or swap space
#   This process is running with CompressedOops enabled, and the Java Heap may be blocking the growth of the native heap
# Possible solutions:
#   Reduce memory load on the system
#   Increase physical memory or swap space
#   Check if swap backing store is full
#   Decrease Java heap size (-Xmx/-Xms)
#   Decrease number of Java threads
#   Decrease Java thread stack sizes (-Xss)
#   Set larger code cache with -XX:ReservedCodeCacheSize=
#   JVM is running with Zero Based Compressed Oops mode in which the Java heap is
#     placed in the first 32GB address space. The Java Heap base address is the
#     maximum limit for the native heap growth. Please use -XX:HeapBaseMinAddress
#     to set the Java Heap base and to place the Java Heap above 32GB virtual address.
# This output file may be truncated or incomplete.
#
#  Out of Memory Error (os_windows.cpp:3618), pid=40568, tid=20880
#
# JRE version: OpenJDK Runtime Environment Zulu17.64+17-CA (17.0.18+8) (build 17.0.18+8-LTS)
# Java VM: OpenJDK 64-Bit Server VM Zulu17.64+17-CA (17.0.18+8-LTS, mixed mode, sharing, tiered, compressed oops, compressed class ptrs, g1 gc, windows-amd64)
# No core dump will be written. Minidumps are not enabled by default on client versions of Windows
#

---------------  S U M M A R Y ------------

Command Line: -Xmx4g -XX:+IgnoreUnrecognizedVMOptions --add-modules=jdk.incubator.vector --add-opens=java.base/java.lang=ALL-UNNAMED --add-opens=java.base/java.lang.invoke=ALL-UNNAMED --add-opens=java.base/java.lang.reflect=ALL-UNNAMED --add-opens=java.base/java.io=ALL-UNNAMED --add-opens=java.base/java.net=ALL-UNNAMED --add-opens=java.base/java.nio=ALL-UNNAMED --add-opens=java.base/java.util=ALL-UNNAMED --add-opens=java.base/java.util.concurrent=ALL-UNNAMED --add-opens=java.base/java.util.concurrent.atomic=ALL-UNNAMED --add-opens=java.base/jdk.internal.ref=ALL-UNNAMED --add-opens=java.base/sun.nio.ch=ALL-UNNAMED --add-opens=java.base/sun.nio.cs=ALL-UNNAMED --add-opens=java.base/sun.security.action=ALL-UNNAMED --add-opens=java.base/sun.util.calendar=ALL-UNNAMED --add-opens=java.security.jgss/sun.security.krb5=ALL-UNNAMED -Dio.netty.tryReflectionSetAccessible=true -Dio.netty.allocator.type=pooled -Dio.netty.handler.ssl.defaultEndpointVerificationAlgorithm=NONE --sun-misc-unsafe-memory-access=allow --enable-native-access=ALL-UNNAMED -Dderby.connection.requireAuthentication=false org.apache.spark.deploy.SparkSubmit --conf spark.master=local[*] --conf spark.driver.memory=4g --conf spark.app.name=ifood-nb1 --conf spark.sql.shuffle.partitions=8 --conf spark.ui.enabled=false pyspark-shell

Host: 13th Gen Intel(R) Core(TM) i5-13450HX, 16 cores, 15G,  Windows 11 , 64 bit Build 26100 (10.0.26100.8875)
Time: Mon Aug  3 15:09:31 2026 Hora oficial do Brasil elapsed time: 8.000470 seconds (0d 0h 0m 8s)

---------------  T H R E A D  ---------------

Current thread (0x000001cdc7aa4e00):  VMThread "VM Thread" [stack: 0x0000008e4f100000,0x0000008e4f200000] [id=20880]

Stack: [0x0000008e4f100000,0x0000008e4f200000]
Native frames: (J=compiled Java code, j=interpreted, Vv=VM code, C=native code)
V  [jvm.dll+0x685d09]
V  [jvm.dll+0x83cdba]
V  [jvm.dll+0x83e87e]
V  [jvm.dll+0x83eee3]
V  [jvm.dll+0x24c7df]
V  [jvm.dll+0x682a29]
V  [jvm.dll+0x6774fa]
V  [jvm.dll+0x30c92b]
V  [jvm.dll+0x313e26]
V  [jvm.dll+0x364b7e]
V  [jvm.dll+0x364dbf]
V  [jvm.dll+0x2e38cc]
V  [jvm.dll+0x2e1c8f]
V  [jvm.dll+0x2e13bc]
V  [jvm.dll+0x324e91]
V  [jvm.dll+0x8433dd]
V  [jvm.dll+0x844122]
V  [jvm.dll+0x84464f]
V  [jvm.dll+0x844a34]
V  [jvm.dll+0x844b00]
V  [jvm.dll+0x7ed26c]
V  [jvm.dll+0x684bd7]
C  [ucrtbase.dll+0x2cd30]
C  [KERNEL32.DLL+0x2e957]
C  [ntdll.dll+0xaad6c]

VM_Operation (0x0000008e51dfa950): G1TryInitiateConcMark, mode: safepoint, requested by thread 0x000001ce104ce190


---------------  P R O C E S S  ---------------

Threads class SMR info:
_java_thread_list=0x000001ce13080f70, length=65, elements={
0x000001cda4a2ca90, 0x000001cdc7aa8b70, 0x000001cdc7aa9640, 0x000001cdc7ac3070,
0x000001cdc7ac3940, 0x000001cdc7ac4210, 0x000001cdc7ac4ae0, 0x000001cdc7ac76f0,
0x000001cdc7acb5b0, 0x000001cdc7ada700, 0x000001cdc8a7e8d0, 0x000001cdc8a7f810,
0x000001cdc8abd300, 0x000001ce0fc05100, 0x000001ce0e43ef30, 0x000001ce104cf5d0,
0x000001ce104ce6a0, 0x000001ce104cd260, 0x000001ce104cdc80, 0x000001ce104cebb0,
0x000001ce104cd770, 0x000001ce104cfae0, 0x000001ce104cf0c0, 0x000001ce104ce190,
0x000001ce104cc330, 0x000001ce104cc840, 0x000001ce10bfcba0, 0x000001ce10bfad40,
0x000001ce10bfb760, 0x000001ce10bfa830, 0x000001ce10bfd5c0, 0x000001ce10bfd0b0,
0x000001ce10bfb250, 0x000001ce10bfc180, 0x000001ce10bfbc70, 0x000001ce10bfc690,
0x000001ce10bf9e10, 0x000001ce10bfdad0, 0x000001ce10bfa320, 0x000001ce10c01280,
0x000001ce10c00d70, 0x000001ce10c01790, 0x000001ce10bffe40, 0x000001ce10c00350,
0x000001ce10bfea00, 0x000001ce10bfe4f0, 0x000001ce10bfdfe0, 0x000001ce10c00860,
0x000001ce109c23f0, 0x000001ce109c3830, 0x000001ce109c3320, 0x000001ce109c1ee0,
0x000001ce109c2900, 0x000001ce109c19d0, 0x000001ce109c0590, 0x000001ce109c2e10,
0x000001ce109c0aa0, 0x000001ce109c0080, 0x000001ce109c7a00, 0x000001ce136e4ba0,
0x000001ce136e1bd0, 0x000001ce0e975660, 0x000001ce136e3bb0, 0x000001ce0e975b70,
0x000001ce136e2120
}

Java Threads: ( => current thread )
  0x000001cda4a2ca90 JavaThread "main" [_thread_in_native, id=48068, stack(0x0000008e4eb00000,0x0000008e4ec00000)]
  0x000001cdc7aa8b70 JavaThread "Reference Handler" daemon [_thread_blocked, id=54620, stack(0x0000008e4f200000,0x0000008e4f300000)]
  0x000001cdc7aa9640 JavaThread "Finalizer" daemon [_thread_blocked, id=53616, stack(0x0000008e4f300000,0x0000008e4f400000)]
  0x000001cdc7ac3070 JavaThread "Signal Dispatcher" daemon [_thread_blocked, id=56504, stack(0x0000008e4f400000,0x0000008e4f500000)]
  0x000001cdc7ac3940 JavaThread "Attach Listener" daemon [_thread_blocked, id=36804, stack(0x0000008e4f500000,0x0000008e4f600000)]
  0x000001cdc7ac4210 JavaThread "Service Thread" daemon [_thread_blocked, id=15992, stack(0x0000008e4f600000,0x0000008e4f700000)]
  0x000001cdc7ac4ae0 JavaThread "Monitor Deflation Thread" daemon [_thread_blocked, id=30840, stack(0x0000008e4f700000,0x0000008e4f800000)]
  0x000001cdc7ac76f0 JavaThread "C2 CompilerThread0" daemon [_thread_blocked, id=52408, stack(0x0000008e4f800000,0x0000008e4f900000)]
  0x000001cdc7acb5b0 JavaThread "C1 CompilerThread0" daemon [_thread_blocked, id=2812, stack(0x0000008e4f900000,0x0000008e4fa00000)]
  0x000001cdc7ada700 JavaThread "Sweeper thread" daemon [_thread_blocked, id=38088, stack(0x0000008e4fa00000,0x0000008e4fb00000)]
  0x000001cdc8a7e8d0 JavaThread "Common-Cleaner" daemon [_thread_blocked, id=18092, stack(0x0000008e4fb00000,0x0000008e4fc00000)]
  0x000001cdc8a7f810 JavaThread "C1 CompilerThread1" daemon [_thread_blocked, id=57064, stack(0x0000008e4fc00000,0x0000008e4fd00000)]
  0x000001cdc8abd300 JavaThread "Notification Thread" daemon [_thread_blocked, id=14708, stack(0x0000008e50000000,0x0000008e50100000)]
  0x000001ce0fc05100 JavaThread "Thread-1" [_thread_in_native, id=22496, stack(0x0000008e51200000,0x0000008e51300000)]
  0x000001ce0e43ef30 JavaThread "Thread-2" [_thread_blocked, id=51164, stack(0x0000008e4fe00000,0x0000008e4ff00000)]
  0x000001ce104cf5d0 JavaThread "rpc-boss-3-1" daemon [_thread_in_native, id=16196, stack(0x0000008e51500000,0x0000008e51600000)]
  0x000001ce104ce6a0 JavaThread "dispatcher-event-loop-0" daemon [_thread_blocked, id=46580, stack(0x0000008e51600000,0x0000008e51700000)]
  0x000001ce104cd260 JavaThread "dispatcher-event-loop-1" daemon [_thread_blocked, id=49784, stack(0x0000008e51700000,0x0000008e51800000)]
  0x000001ce104cdc80 JavaThread "dispatcher-event-loop-2" daemon [_thread_blocked, id=42348, stack(0x0000008e51800000,0x0000008e51900000)]
  0x000001ce104cebb0 JavaThread "dispatcher-event-loop-3" daemon [_thread_blocked, id=39712, stack(0x0000008e51900000,0x0000008e51a00000)]
  0x000001ce104cd770 JavaThread "dispatcher-event-loop-4" daemon [_thread_blocked, id=31340, stack(0x0000008e51a00000,0x0000008e51b00000)]
  0x000001ce104cfae0 JavaThread "dispatcher-event-loop-5" daemon [_thread_blocked, id=16912, stack(0x0000008e51b00000,0x0000008e51c00000)]
  0x000001ce104cf0c0 JavaThread "dispatcher-event-loop-6" daemon [_thread_blocked, id=23052, stack(0x0000008e51c00000,0x0000008e51d00000)]
  0x000001ce104ce190 JavaThread "dispatcher-event-loop-7" daemon [_thread_blocked, id=38516, stack(0x0000008e51d00000,0x0000008e51e00000)]
  0x000001ce104cc330 JavaThread "dispatcher-event-loop-8" daemon [_thread_blocked, id=49276, stack(0x0000008e51e00000,0x0000008e51f00000)]
  0x000001ce104cc840 JavaThread "dispatcher-event-loop-9" daemon [_thread_blocked, id=52248, stack(0x0000008e51f00000,0x0000008e52000000)]
  0x000001ce10bfcba0 JavaThread "dispatcher-event-loop-10" daemon [_thread_blocked, id=47208, stack(0x0000008e52000000,0x0000008e52100000)]
  0x000001ce10bfad40 JavaThread "dispatcher-event-loop-11" daemon [_thread_blocked, id=31872, stack(0x0000008e52100000,0x0000008e52200000)]
  0x000001ce10bfb760 JavaThread "dispatcher-event-loop-12" daemon [_thread_blocked, id=5528, stack(0x0000008e52200000,0x0000008e52300000)]
  0x000001ce10bfa830 JavaThread "dispatcher-event-loop-13" daemon [_thread_blocked, id=59388, stack(0x0000008e52300000,0x0000008e52400000)]
  0x000001ce10bfd5c0 JavaThread "dispatcher-event-loop-14" daemon [_thread_blocked, id=19656, stack(0x0000008e52400000,0x0000008e52500000)]
  0x000001ce10bfd0b0 JavaThread "dispatcher-event-loop-15" daemon [_thread_blocked, id=27568, stack(0x0000008e52500000,0x0000008e52600000)]
  0x000001ce10bfb250 JavaThread "map-output-dispatcher-0" daemon [_thread_blocked, id=54228, stack(0x0000008e52600000,0x0000008e52700000)]
  0x000001ce10bfc180 JavaThread "map-output-dispatcher-1" daemon [_thread_blocked, id=48908, stack(0x0000008e52700000,0x0000008e52800000)]
  0x000001ce10bfbc70 JavaThread "map-output-dispatcher-2" daemon [_thread_blocked, id=46156, stack(0x0000008e52800000,0x0000008e52900000)]
  0x000001ce10bfc690 JavaThread "map-output-dispatcher-3" daemon [_thread_blocked, id=38280, stack(0x0000008e52900000,0x0000008e52a00000)]
  0x000001ce10bf9e10 JavaThread "map-output-dispatcher-4" daemon [_thread_blocked, id=40892, stack(0x0000008e52a00000,0x0000008e52b00000)]
  0x000001ce10bfdad0 JavaThread "map-output-dispatcher-5" daemon [_thread_blocked, id=43440, stack(0x0000008e52b00000,0x0000008e52c00000)]
  0x000001ce10bfa320 JavaThread "map-output-dispatcher-6" daemon [_thread_blocked, id=25916, stack(0x0000008e52c00000,0x0000008e52d00000)]
  0x000001ce10c01280 JavaThread "map-output-dispatcher-7" daemon [_thread_blocked, id=23364, stack(0x0000008e52d00000,0x0000008e52e00000)]
  0x000001ce10c00d70 JavaThread "dispatcher-BlockManagerMaster" daemon [_thread_blocked, id=47836, stack(0x0000008e52e00000,0x0000008e52f00000)]
  0x000001ce10c01790 JavaThread "dispatcher-BlockManagerEndpoint1" daemon [_thread_blocked, id=59268, stack(0x0000008e52f00000,0x0000008e53000000)]
  0x000001ce10bffe40 JavaThread "RemoteBlock-temp-file-clean-thread" daemon [_thread_blocked, id=35856, stack(0x0000008e53000000,0x0000008e53100000)]
  0x000001ce10c00350 JavaThread "refresh progress" daemon [_thread_blocked, id=43128, stack(0x0000008e53100000,0x0000008e53200000)]
  0x000001ce10bfea00 JavaThread "dispatcher-HeartbeatReceiver" daemon [_thread_blocked, id=6288, stack(0x0000008e53200000,0x0000008e53300000)]
  0x000001ce10bfe4f0 JavaThread "heartbeat-receiver-event-loop-thread" daemon [_thread_blocked, id=45952, stack(0x0000008e53300000,0x0000008e53400000)]
  0x000001ce10bfdfe0 JavaThread "netty-rpc-env-timeout" daemon [_thread_blocked, id=45580, stack(0x0000008e53400000,0x0000008e53500000)]
  0x000001ce10c00860 JavaThread "dag-scheduler-event-loop" daemon [_thread_blocked, id=46456, stack(0x0000008e53500000,0x0000008e53600000)]
  0x000001ce109c23f0 JavaThread "driver-heartbeater" daemon [_thread_blocked, id=39900, stack(0x0000008e53600000,0x0000008e53700000)]
  0x000001ce109c3830 JavaThread "executor-kill-mark-cleanup" daemon [_thread_blocked, id=53684, stack(0x0000008e53700000,0x0000008e53800000)]
  0x000001ce109c3320 JavaThread "executor-heartbeater" daemon [_thread_blocked, id=43524, stack(0x0000008e53800000,0x0000008e53900000)]
  0x000001ce109c1ee0 JavaThread "shuffle-boss-6-1" daemon [_thread_in_native, id=34564, stack(0x0000008e53900000,0x0000008e53a00000)]
  0x000001ce109c2900 JavaThread "Spark Context Cleaner" daemon [_thread_blocked, id=45852, stack(0x0000008e53a00000,0x0000008e53b00000)]
  0x000001ce109c19d0 JavaThread "context-cleaner-periodic-gc" daemon [_thread_blocked, id=39252, stack(0x0000008e53b00000,0x0000008e53c00000)]
  0x000001ce109c0590 JavaThread "spark-listener-group-appStatus" daemon [_thread_blocked, id=36632, stack(0x0000008e53c00000,0x0000008e53d00000)]
  0x000001ce109c2e10 JavaThread "spark-listener-group-executorManagement" daemon [_thread_blocked, id=42156, stack(0x0000008e53d00000,0x0000008e53e00000)]
  0x000001ce109c0aa0 JavaThread "element-tracking-store-worker" daemon [_thread_blocked, id=33188, stack(0x0000008e53e00000,0x0000008e53f00000)]
  0x000001ce109c0080 JavaThread "Thread-5" [_thread_in_native, id=57964, stack(0x0000008e54000000,0x0000008e54100000)]
  0x000001ce109c7a00 JavaThread "org.apache.hadoop.fs.FileSystem$Statistics$StatisticsDataReferenceCleaner" daemon [_thread_blocked, id=58888, stack(0x0000008e4fd00000,0x0000008e4fe00000)]
  0x000001ce136e4ba0 JavaThread "C1 CompilerThread2" daemon [_thread_blocked, id=29972, stack(0x0000008e51300000,0x0000008e51400000)]
  0x000001ce136e1bd0 JavaThread "C1 CompilerThread3" daemon [_thread_blocked, id=18524, stack(0x0000008e51400000,0x0000008e51500000)]
  0x000001ce0e975660 JavaThread "Cleaner-0" daemon [_thread_blocked, id=46832, stack(0x0000008e54200000,0x0000008e54300000)]
  0x000001ce136e3bb0 JavaThread "C2 CompilerThread1" daemon [_thread_in_native, id=58976, stack(0x0000008e4ff00000,0x0000008e50000000)]
  0x000001ce0e975b70 JavaThread "shuffle-exchange-0" daemon [_thread_blocked, id=61452, stack(0x0000008e50800000,0x0000008e50900000)]
  0x000001ce136e2120 JavaThread "C2 CompilerThread2" daemon [_thread_blocked, id=40708, stack(0x0000008e54300000,0x0000008e54400000)]

Other Threads:
=>0x000001cdc7aa4e00 VMThread "VM Thread" [stack: 0x0000008e4f100000,0x0000008e4f200000] [id=20880]
  0x000001cdc8abd7e0 WatcherThread [stack: 0x0000008e50100000,0x0000008e50200000] [id=30156]
  0x000001cda4a9abc0 GCTaskThread "GC Thread#0" [stack: 0x0000008e4ec00000,0x0000008e4ed00000] [id=17488]
  0x000001cdc8a7e590 GCTaskThread "GC Thread#1" [stack: 0x0000008e50200000,0x0000008e50300000] [id=53836]
  0x000001ce0ed270b0 GCTaskThread "GC Thread#2" [stack: 0x0000008e50300000,0x0000008e50400000] [id=14712]
  0x000001ce0e472350 GCTaskThread "GC Thread#3" [stack: 0x0000008e50400000,0x0000008e50500000] [id=53408]
  0x000001ce0e470730 GCTaskThread "GC Thread#4" [stack: 0x0000008e50500000,0x0000008e50600000] [id=17244]
  0x000001ce0e470a00 GCTaskThread "GC Thread#5" [stack: 0x0000008e50600000,0x0000008e50700000] [id=30568]
  0x000001ce0e471540 GCTaskThread "GC Thread#6" [stack: 0x0000008e50900000,0x0000008e50a00000] [id=37468]
  0x000001ce10212310 GCTaskThread "GC Thread#7" [stack: 0x0000008e50a00000,0x0000008e50b00000] [id=40348]
  0x000001ce102106f0 GCTaskThread "GC Thread#8" [stack: 0x0000008e50b00000,0x0000008e50c00000] [id=18376]
  0x000001ce1020f610 GCTaskThread "GC Thread#9" [stack: 0x0000008e50c00000,0x0000008e50d00000] [id=56636]
  0x000001ce10210c90 GCTaskThread "GC Thread#10" [stack: 0x0000008e50d00000,0x0000008e50e00000] [id=34216]
  0x000001ce1020f340 GCTaskThread "GC Thread#11" [stack: 0x0000008e50e00000,0x0000008e50f00000] [id=40132]
  0x000001ce10212b80 GCTaskThread "GC Thread#12" [stack: 0x0000008e50f00000,0x0000008e51000000] [id=18532]
  0x000001cda4aaba30 ConcurrentGCThread "G1 Main Marker" [stack: 0x0000008e4ed00000,0x0000008e4ee00000] [id=46144]
  0x000001cda4aad370 ConcurrentGCThread "G1 Conc#0" [stack: 0x0000008e4ee00000,0x0000008e4ef00000] [id=33708]
  0x000001ce1020f8e0 ConcurrentGCThread "G1 Conc#1" [stack: 0x0000008e51000000,0x0000008e51100000] [id=52652]
  0x000001ce10211230 ConcurrentGCThread "G1 Conc#2" [stack: 0x0000008e51100000,0x0000008e51200000] [id=46048]
  0x000001cdc79dd330 ConcurrentGCThread "G1 Refine#0" [stack: 0x0000008e4ef00000,0x0000008e4f000000] [id=25132]
  0x000001ce11b9b570 ConcurrentGCThread "G1 Refine#1" [stack: 0x0000008e53f00000,0x0000008e54000000] [id=28780]
  0x000001ce11b9be70 ConcurrentGCThread "G1 Refine#2" [stack: 0x0000008e54100000,0x0000008e54200000] [id=59112]
  0x000001ce11b99470 ConcurrentGCThread "G1 Refine#3" [stack: 0x0000008e50700000,0x0000008e50800000] [id=11224]
  0x000001cdc79ddb20 ConcurrentGCThread "G1 Service" [stack: 0x0000008e4f000000,0x0000008e4f100000] [id=51036]

Threads with active compile tasks:
C2 CompilerThread1  8020 8104   !   4       java.io.ObjectOutputStream::writeObject0 (620 bytes)

VM state: at safepoint (normal execution)

VM Mutex/Monitor currently owned by a thread:  ([mutex/lock_event])
[0x000001cda274c360] Threads_lock - owner thread: 0x000001cdc7aa4e00
[0x000001cda4a151d0] Heap_lock - owner thread: 0x000001ce104ce190

Heap address: 0x0000000700000000, size: 4096 MB, Compressed Oops mode: Zero based, Oop shift amount: 3

CDS archive(s) mapped at: [0x000001cdc9000000-0x000001cdc9be0000-0x000001cdc9be0000), size 12451840, SharedBaseAddress: 0x000001cdc9000000, ArchiveRelocationMode: 1.
Compressed class space mapped at: 0x000001cdca000000-0x000001ce0a000000, reserved size: 1073741824
Narrow klass base: 0x000001cdc9000000, Narrow klass shift: 0, Narrow klass range: 0x100000000

GC Precious Log:
 CPUs: 16 total, 16 available
 Memory: 16068M
 Large Page Support: Disabled
 NUMA Support: Disabled
 Compressed Oops: Enabled (Zero based)
 Heap Region Size: 2M
 Heap Min Capacity: 8M
 Heap Initial Capacity: 252M
 Heap Max Capacity: 4G
 Pre-touch: Disabled
 Parallel Workers: 13
 Concurrent Workers: 3
 Concurrent Refinement Workers: 13
 Periodic GC: Disabled

Heap:
 garbage-first heap   total 704512K, used 314962K [0x0000000700000000, 0x0000000800000000)
  region size 2048K, 1 young (2048K), 1 survivors (2048K)
 Metaspace       used 118272K, committed 119168K, reserved 1179648K
  class space    used 14971K, committed 15360K, reserved 1048576K

Heap Regions: E=young(eden), S=young(survivor), O=old, HS=humongous(starts), HC=humongous(continues), CS=collection set, F=free, OA=open archive, CA=closed archive, TAMS=top-at-mark-start (previous, next)
|   0|0x0000000700000000, 0x0000000700200000, 0x0000000700200000|100%|HS|  |TAMS 0x0000000700200000, 0x0000000700200000| Complete 
|   1|0x0000000700200000, 0x0000000700400000, 0x0000000700400000|100%|HS|  |TAMS 0x0000000700400000, 0x0000000700400000| Complete 
|   2|0x0000000700400000, 0x0000000700600000, 0x0000000700600000|100%|HC|  |TAMS 0x0000000700600000, 0x0000000700600000| Complete 
|   3|0x0000000700600000, 0x0000000700800000, 0x0000000700800000|100%| O|  |TAMS 0x0000000700800000, 0x0000000700800000| Untracked 
|   4|0x0000000700800000, 0x0000000700a00000, 0x0000000700a00000|100%| O|  |TAMS 0x0000000700a00000, 0x0000000700a00000| Untracked 
|   5|0x0000000700a00000, 0x0000000700c00000, 0x0000000700c00000|100%| O|  |TAMS 0x0000000700c00000, 0x0000000700c00000| Untracked 
|   6|0x0000000700c00000, 0x0000000700e00000, 0x0000000700e00000|100%| O|  |TAMS 0x0000000700e00000, 0x0000000700e00000| Untracked 
|   7|0x0000000700e00000, 0x0000000701000000, 0x0000000701000000|100%| O|  |TAMS 0x0000000701000000, 0x0000000701000000| Untracked 
|   8|0x0000000701000000, 0x0000000701200000, 0x0000000701200000|100%| O|  |TAMS 0x0000000701200000, 0x0000000701200000| Untracked 
|   9|0x0000000701200000, 0x0000000701400000, 0x0000000701400000|100%| O|  |TAMS 0x0000000701400000, 0x0000000701400000| Untracked 
|  10|0x0000000701400000, 0x00000007015b4200, 0x0000000701600000| 85%| O|  |TAMS 0x00000007015b4200, 0x00000007015b4200| Untracked 
|  11|0x0000000701600000, 0x0000000701800000, 0x0000000701800000|100%| O|  |TAMS 0x0000000701800000, 0x0000000701800000| Untracked 
|  12|0x0000000701800000, 0x0000000701a00000, 0x0000000701a00000|100%| O|  |TAMS 0x0000000701a00000, 0x0000000701a00000| Untracked 
|  13|0x0000000701a00000, 0x0000000701c00000, 0x0000000701c00000|100%| O|  |TAMS 0x0000000701c00000, 0x0000000701c00000| Untracked 
|  14|0x0000000701c00000, 0x0000000701e00000, 0x0000000701e00000|100%| O|  |TAMS 0x0000000701e00000, 0x0000000701e00000| Untracked 
|  15|0x0000000701e00000, 0x0000000702000000, 0x0000000702000000|100%| O|  |TAMS 0x0000000702000000, 0x0000000702000000| Untracked 
|  16|0x0000000702000000, 0x0000000702200000, 0x0000000702200000|100%| O|  |TAMS 0x0000000702200000, 0x0000000702200000| Untracked 
|  17|0x0000000702200000, 0x0000000702400000, 0x0000000702400000|100%| O|  |TAMS 0x0000000702400000, 0x0000000702400000| Untracked 
|  18|0x0000000702400000, 0x0000000702600000, 0x0000000702600000|100%| O|  |TAMS 0x0000000702600000, 0x0000000702600000| Untracked 
|  19|0x0000000702600000, 0x0000000702800000, 0x0000000702800000|100%| O|  |TAMS 0x0000000702800000, 0x0000000702800000| Untracked 
|  20|0x0000000702800000, 0x0000000702a00000, 0x0000000702a00000|100%| O|  |TAMS 0x0000000702a00000, 0x0000000702a00000| Untracked 
|  21|0x0000000702a00000, 0x0000000702c00000, 0x0000000702c00000|100%| O|  |TAMS 0x0000000702c00000, 0x0000000702c00000| Untracked 
|  22|0x0000000702c00000, 0x0000000702e00000, 0x0000000702e00000|100%| O|  |TAMS 0x0000000702e00000, 0x0000000702e00000| Untracked 
|  23|0x0000000702e00000, 0x0000000703000000, 0x0000000703000000|100%|HS|  |TAMS 0x0000000703000000, 0x0000000703000000| Complete 
|  24|0x0000000703000000, 0x0000000703200000, 0x0000000703200000|100%|HS|  |TAMS 0x0000000703200000, 0x0000000703200000| Complete 
|  25|0x0000000703200000, 0x0000000703400000, 0x0000000703400000|100%|HS|  |TAMS 0x0000000703400000, 0x0000000703400000| Complete 
|  26|0x0000000703400000, 0x0000000703600000, 0x0000000703600000|100%|HS|  |TAMS 0x0000000703600000, 0x0000000703600000| Complete 
|  27|0x0000000703600000, 0x0000000703800000, 0x0000000703800000|100%|HS|  |TAMS 0x0000000703800000, 0x0000000703800000| Complete 
|  28|0x0000000703800000, 0x0000000703a00000, 0x0000000703a00000|100%|HS|  |TAMS 0x0000000703a00000, 0x0000000703a00000| Complete 
|  29|0x0000000703a00000, 0x0000000703c00000, 0x0000000703c00000|100%| O|  |TAMS 0x0000000703c00000, 0x0000000703c00000| Untracked 
|  30|0x0000000703c00000, 0x0000000703e00000, 0x0000000703e00000|100%| O|  |TAMS 0x0000000703e00000, 0x0000000703e00000| Untracked 
|  31|0x0000000703e00000, 0x0000000704000000, 0x0000000704000000|100%| O|  |TAMS 0x0000000704000000, 0x0000000704000000| Untracked 
|  32|0x0000000704000000, 0x0000000704200000, 0x0000000704200000|100%| O|  |TAMS 0x0000000704200000, 0x0000000704200000| Untracked 
|  33|0x0000000704200000, 0x0000000704400000, 0x0000000704400000|100%|HS|  |TAMS 0x0000000704400000, 0x0000000704400000| Complete 
|  34|0x0000000704400000, 0x0000000704600000, 0x0000000704600000|100%|HS|  |TAMS 0x0000000704600000, 0x0000000704600000| Complete 
|  35|0x0000000704600000, 0x0000000704800000, 0x0000000704800000|100%|HS|  |TAMS 0x0000000704800000, 0x0000000704800000| Complete 
|  36|0x0000000704800000, 0x0000000704a00000, 0x0000000704a00000|100%|HS|  |TAMS 0x0000000704a00000, 0x0000000704a00000| Complete 
|  37|0x0000000704a00000, 0x0000000704c00000, 0x0000000704c00000|100%| O|  |TAMS 0x0000000704c00000, 0x0000000704c00000| Untracked 
|  38|0x0000000704c00000, 0x0000000704e00000, 0x0000000704e00000|100%| O|  |TAMS 0x0000000704e00000, 0x0000000704e00000| Untracked 
|  39|0x0000000704e00000, 0x0000000705000000, 0x0000000705000000|100%| O|  |TAMS 0x0000000705000000, 0x0000000705000000| Untracked 
|  40|0x0000000705000000, 0x0000000705200000, 0x0000000705200000|100%| O|  |TAMS 0x0000000705200000, 0x0000000705200000| Untracked 
|  41|0x0000000705200000, 0x0000000705400000, 0x0000000705400000|100%| O|  |TAMS 0x0000000705400000, 0x0000000705400000| Untracked 
|  42|0x0000000705400000, 0x0000000705600000, 0x0000000705600000|100%|HS|  |TAMS 0x0000000705400000, 0x0000000705600000| Complete 
|  43|0x0000000705600000, 0x0000000705800000, 0x0000000705800000|100%| O|  |TAMS 0x0000000705800000, 0x0000000705800000| Untracked 
|  44|0x0000000705800000, 0x0000000705a00000, 0x0000000705a00000|100%| O|  |TAMS 0x0000000705a00000, 0x0000000705a00000| Untracked 
|  45|0x0000000705a00000, 0x0000000705c00000, 0x0000000705c00000|100%| O|  |TAMS 0x0000000705c00000, 0x0000000705c00000| Untracked 
|  46|0x0000000705c00000, 0x0000000705e00000, 0x0000000705e00000|100%| O|  |TAMS 0x0000000705e00000, 0x0000000705e00000| Untracked 
|  47|0x0000000705e00000, 0x0000000706000000, 0x0000000706000000|100%| O|  |TAMS 0x0000000706000000, 0x0000000706000000| Untracked 
|  48|0x0000000706000000, 0x0000000706200000, 0x0000000706200000|100%| O|  |TAMS 0x0000000706200000, 0x0000000706200000| Untracked 
|  49|0x0000000706200000, 0x0000000706400000, 0x0000000706400000|100%| O|  |TAMS 0x0000000706400000, 0x0000000706400000| Untracked 
|  50|0x0000000706400000, 0x0000000706600000, 0x0000000706600000|100%| O|  |TAMS 0x0000000706600000, 0x0000000706600000| Untracked 
|  51|0x0000000706600000, 0x0000000706800000, 0x0000000706800000|100%| O|  |TAMS 0x0000000706800000, 0x0000000706800000| Untracked 
|  52|0x0000000706800000, 0x0000000706a00000, 0x0000000706a00000|100%| O|  |TAMS 0x0000000706a00000, 0x0000000706a00000| Untracked 
|  53|0x0000000706a00000, 0x0000000706c00000, 0x0000000706c00000|100%| O|  |TAMS 0x0000000706c00000, 0x0000000706c00000| Untracked 
|  54|0x0000000706c00000, 0x0000000706e00000, 0x0000000706e00000|100%| O|  |TAMS 0x0000000706e00000, 0x0000000706e00000| Untracked 
|  55|0x0000000706e00000, 0x0000000707000000, 0x0000000707000000|100%| O|  |TAMS 0x0000000707000000, 0x0000000707000000| Untracked 
|  56|0x0000000707000000, 0x0000000707200000, 0x0000000707200000|100%| O|  |TAMS 0x0000000707200000, 0x0000000707200000| Untracked 
|  57|0x0000000707200000, 0x0000000707400000, 0x0000000707400000|100%| O|  |TAMS 0x0000000707400000, 0x0000000707400000| Untracked 
|  58|0x0000000707400000, 0x0000000707600000, 0x0000000707600000|100%|HS|  |TAMS 0x0000000707400000, 0x0000000707600000| Complete 
|  59|0x0000000707600000, 0x0000000707800000, 0x0000000707800000|100%| O|  |TAMS 0x0000000707600000, 0x0000000707800000| Untracked 
|  60|0x0000000707800000, 0x0000000707a00000, 0x0000000707a00000|100%| O|  |TAMS 0x0000000707800000, 0x0000000707a00000| Untracked 
|  61|0x0000000707a00000, 0x0000000707c00000, 0x0000000707c00000|100%|HS|  |TAMS 0x0000000707c00000, 0x0000000707c00000| Complete 
|  62|0x0000000707c00000, 0x0000000707e00000, 0x0000000707e00000|100%| O|  |TAMS 0x0000000707c00000, 0x0000000707e00000| Untracked 
|  63|0x0000000707e00000, 0x0000000708000000, 0x0000000708000000|100%| O|  |TAMS 0x0000000707e00000, 0x0000000708000000| Untracked 
|  64|0x0000000708000000, 0x0000000708200000, 0x0000000708200000|100%| O|  |TAMS 0x0000000708000000, 0x0000000708200000| Untracked 
|  65|0x0000000708200000, 0x0000000708400000, 0x0000000708400000|100%|HS|  |TAMS 0x0000000708400000, 0x0000000708400000| Complete 
|  66|0x0000000708400000, 0x0000000708600000, 0x0000000708600000|100%|HS|  |TAMS 0x0000000708600000, 0x0000000708600000| Complete 
|  67|0x0000000708600000, 0x0000000708800000, 0x0000000708800000|100%| O|  |TAMS 0x0000000708600000, 0x0000000708800000| Untracked 
|  68|0x0000000708800000, 0x0000000708a00000, 0x0000000708a00000|100%| O|  |TAMS 0x0000000708800000, 0x0000000708a00000| Untracked 
|  69|0x0000000708a00000, 0x0000000708c00000, 0x0000000708c00000|100%| O|  |TAMS 0x0000000708a00000, 0x0000000708c00000| Untracked 
|  70|0x0000000708c00000, 0x0000000708e00000, 0x0000000708e00000|100%| O|  |TAMS 0x0000000708e00000, 0x0000000708e00000| Untracked 
|  71|0x0000000708e00000, 0x0000000709000000, 0x0000000709000000|100%| O|  |TAMS 0x0000000709000000, 0x0000000709000000| Untracked 
|  72|0x0000000709000000, 0x0000000709200000, 0x0000000709200000|100%| O|  |TAMS 0x0000000709200000, 0x0000000709200000| Untracked 
|  73|0x0000000709200000, 0x0000000709400000, 0x0000000709400000|100%| O|  |TAMS 0x0000000709400000, 0x0000000709400000| Untracked 
|  74|0x0000000709400000, 0x0000000709600000, 0x0000000709600000|100%| O|  |TAMS 0x0000000709600000, 0x0000000709600000| Untracked 
|  75|0x0000000709600000, 0x0000000709800000, 0x0000000709800000|100%| O|  |TAMS 0x0000000709800000, 0x0000000709800000| Untracked 
|  76|0x0000000709800000, 0x0000000709a00000, 0x0000000709a00000|100%| O|  |TAMS 0x0000000709a00000, 0x0000000709a00000| Untracked 
|  77|0x0000000709a00000, 0x0000000709c00000, 0x0000000709c00000|100%| O|  |TAMS 0x0000000709c00000, 0x0000000709c00000| Untracked 
|  78|0x0000000709c00000, 0x0000000709e00000, 0x0000000709e00000|100%| O|  |TAMS 0x0000000709e00000, 0x0000000709e00000| Untracked 
|  79|0x0000000709e00000, 0x000000070a000000, 0x000000070a000000|100%| O|  |TAMS 0x000000070a000000, 0x000000070a000000| Untracked 
|  80|0x000000070a000000, 0x000000070a200000, 0x000000070a200000|100%| O|  |TAMS 0x000000070a200000, 0x000000070a200000| Untracked 
|  81|0x000000070a200000, 0x000000070a400000, 0x000000070a400000|100%| O|  |TAMS 0x000000070a400000, 0x000000070a400000| Untracked 
|  82|0x000000070a400000, 0x000000070a600000, 0x000000070a600000|100%| O|  |TAMS 0x000000070a600000, 0x000000070a600000| Untracked 
|  83|0x000000070a600000, 0x000000070a800000, 0x000000070a800000|100%| O|  |TAMS 0x000000070a800000, 0x000000070a800000| Untracked 
|  84|0x000000070a800000, 0x000000070aa00000, 0x000000070aa00000|100%| O|  |TAMS 0x000000070aa00000, 0x000000070aa00000| Untracked 
|  85|0x000000070aa00000, 0x000000070ac00000, 0x000000070ac00000|100%| O|  |TAMS 0x000000070ac00000, 0x000000070ac00000| Untracked 
|  86|0x000000070ac00000, 0x000000070ae00000, 0x000000070ae00000|100%| O|  |TAMS 0x000000070ae00000, 0x000000070ae00000| Untracked 
|  87|0x000000070ae00000, 0x000000070b000000, 0x000000070b000000|100%|HS|  |TAMS 0x000000070ae00000, 0x000000070b000000| Complete 
|  88|0x000000070b000000, 0x000000070b200000, 0x000000070b200000|100%| O|  |TAMS 0x000000070b000000, 0x000000070b200000| Untracked 
|  89|0x000000070b200000, 0x000000070b400000, 0x000000070b400000|100%| O|  |TAMS 0x000000070b200000, 0x000000070b400000| Untracked 
|  90|0x000000070b400000, 0x000000070b600000, 0x000000070b600000|100%| O|  |TAMS 0x000000070b400000, 0x000000070b600000| Untracked 
|  91|0x000000070b600000, 0x000000070b800000, 0x000000070b800000|100%| O|  |TAMS 0x000000070b600000, 0x000000070b800000| Untracked 
|  92|0x000000070b800000, 0x000000070ba00000, 0x000000070ba00000|100%| O|  |TAMS 0x000000070b800000, 0x000000070ba00000| Untracked 
|  93|0x000000070ba00000, 0x000000070bc00000, 0x000000070bc00000|100%|HS|  |TAMS 0x000000070bc00000, 0x000000070bc00000| Complete 
|  94|0x000000070bc00000, 0x000000070be00000, 0x000000070be00000|100%|HS|  |TAMS 0x000000070be00000, 0x000000070be00000| Complete 
|  95|0x000000070be00000, 0x000000070c000000, 0x000000070c000000|100%|HS|  |TAMS 0x000000070c000000, 0x000000070c000000| Complete 
|  96|0x000000070c000000, 0x000000070c200000, 0x000000070c200000|100%| O|  |TAMS 0x000000070c000000, 0x000000070c200000| Untracked 
|  97|0x000000070c200000, 0x000000070c400000, 0x000000070c400000|100%| O|  |TAMS 0x000000070c200000, 0x000000070c400000| Untracked 
|  98|0x000000070c400000, 0x000000070c600000, 0x000000070c600000|100%| O|  |TAMS 0x000000070c400000, 0x000000070c600000| Untracked 
|  99|0x000000070c600000, 0x000000070c800000, 0x000000070c800000|100%| O|  |TAMS 0x000000070c600000, 0x000000070c800000| Untracked 
| 100|0x000000070c800000, 0x000000070ca00000, 0x000000070ca00000|100%| O|  |TAMS 0x000000070c800000, 0x000000070ca00000| Untracked 
| 101|0x000000070ca00000, 0x000000070cc00000, 0x000000070cc00000|100%| O|  |TAMS 0x000000070cc00000, 0x000000070cc00000| Untracked 
| 102|0x000000070cc00000, 0x000000070ce00000, 0x000000070ce00000|100%| O|  |TAMS 0x000000070ce00000, 0x000000070ce00000| Untracked 
| 103|0x000000070ce00000, 0x000000070d000000, 0x000000070d000000|100%| O|  |TAMS 0x000000070d000000, 0x000000070d000000| Untracked 
| 104|0x000000070d000000, 0x000000070d200000, 0x000000070d200000|100%| O|  |TAMS 0x000000070d12fa00, 0x000000070d200000| Untracked 
| 105|0x000000070d200000, 0x000000070d400000, 0x000000070d400000|100%| O|  |TAMS 0x000000070d200000, 0x000000070d400000| Untracked 
| 106|0x000000070d400000, 0x000000070d600000, 0x000000070d600000|100%| O|  |TAMS 0x000000070d400000, 0x000000070d600000| Untracked 
| 107|0x000000070d600000, 0x000000070d800000, 0x000000070d800000|100%| O|  |TAMS 0x000000070d600000, 0x000000070d800000| Untracked 
| 108|0x000000070d800000, 0x000000070da00000, 0x000000070da00000|100%|HS|  |TAMS 0x000000070d800000, 0x000000070da00000| Complete 
| 109|0x000000070da00000, 0x000000070dc00000, 0x000000070dc00000|100%|HS|  |TAMS 0x000000070da00000, 0x000000070dc00000| Complete 
| 110|0x000000070dc00000, 0x000000070dc00000, 0x000000070de00000|  0%| F|  |TAMS 0x000000070dc00000, 0x000000070dc00000| Untracked 
| 111|0x000000070de00000, 0x000000070e000000, 0x000000070e000000|100%|HS|  |TAMS 0x000000070de00000, 0x000000070e000000| Complete 
| 112|0x000000070e000000, 0x000000070e200000, 0x000000070e200000|100%|HC|  |TAMS 0x000000070e000000, 0x000000070e200000| Complete 
| 113|0x000000070e200000, 0x000000070e400000, 0x000000070e400000|100%|HC|  |TAMS 0x000000070e200000, 0x000000070e400000| Complete 
| 114|0x000000070e400000, 0x000000070e400000, 0x000000070e600000|  0%| F|  |TAMS 0x000000070e400000, 0x000000070e400000| Untracked 
| 115|0x000000070e600000, 0x000000070e800000, 0x000000070e800000|100%|HS|  |TAMS 0x000000070e600000, 0x000000070e800000| Complete 
| 116|0x000000070e800000, 0x000000070ea00000, 0x000000070ea00000|100%|HC|  |TAMS 0x000000070e800000, 0x000000070ea00000| Complete 
| 117|0x000000070ea00000, 0x000000070ec00000, 0x000000070ec00000|100%|HC|  |TAMS 0x000000070ea00000, 0x000000070ec00000| Complete 
| 118|0x000000070ec00000, 0x000000070ee00000, 0x000000070ee00000|100%|HS|  |TAMS 0x000000070ec00000, 0x000000070ee00000| Complete 
| 119|0x000000070ee00000, 0x000000070f000000, 0x000000070f000000|100%|HC|  |TAMS 0x000000070ee00000, 0x000000070f000000| Complete 
| 120|0x000000070f000000, 0x000000070f200000, 0x000000070f200000|100%|HC|  |TAMS 0x000000070f000000, 0x000000070f200000| Complete 
| 121|0x000000070f200000, 0x000000070f400000, 0x000000070f400000|100%|HS|  |TAMS 0x000000070f200000, 0x000000070f400000| Complete 
| 122|0x000000070f400000, 0x000000070f600000, 0x000000070f600000|100%|HC|  |TAMS 0x000000070f400000, 0x000000070f600000| Complete 
| 123|0x000000070f600000, 0x000000070f800000, 0x000000070f800000|100%|HC|  |TAMS 0x000000070f600000, 0x000000070f800000| Complete 
| 124|0x000000070f800000, 0x000000070fa00000, 0x000000070fa00000|100%|HS|  |TAMS 0x000000070f800000, 0x000000070fa00000| Complete 
| 125|0x000000070fa00000, 0x000000070fc00000, 0x000000070fc00000|100%|HC|  |TAMS 0x000000070fa00000, 0x000000070fc00000| Complete 
| 126|0x000000070fc00000, 0x000000070fe00000, 0x000000070fe00000|100%|HC|  |TAMS 0x000000070fc00000, 0x000000070fe00000| Complete 
| 127|0x000000070fe00000, 0x0000000710000000, 0x0000000710000000|100%|HS|  |TAMS 0x000000070fe00000, 0x0000000710000000| Complete 
| 128|0x0000000710000000, 0x0000000710200000, 0x0000000710200000|100%|HC|  |TAMS 0x0000000710000000, 0x0000000710200000| Complete 
| 129|0x0000000710200000, 0x0000000710400000, 0x0000000710400000|100%|HC|  |TAMS 0x0000000710200000, 0x0000000710400000| Complete 
| 130|0x0000000710400000, 0x0000000710400000, 0x0000000710600000|  0%| F|  |TAMS 0x0000000710400000, 0x0000000710400000| Untracked 
| 131|0x0000000710600000, 0x0000000710600000, 0x0000000710800000|  0%| F|  |TAMS 0x0000000710600000, 0x0000000710600000| Untracked 
| 132|0x0000000710800000, 0x0000000710800000, 0x0000000710a00000|  0%| F|  |TAMS 0x0000000710800000, 0x0000000710800000| Untracked 
| 133|0x0000000710a00000, 0x0000000710c00000, 0x0000000710c00000|100%|HS|  |TAMS 0x0000000710a00000, 0x0000000710c00000| Complete 
| 134|0x0000000710c00000, 0x0000000710e00000, 0x0000000710e00000|100%|HC|  |TAMS 0x0000000710c00000, 0x0000000710e00000| Complete 
| 135|0x0000000710e00000, 0x0000000711000000, 0x0000000711000000|100%|HC|  |TAMS 0x0000000710e00000, 0x0000000711000000| Complete 
| 136|0x0000000711000000, 0x0000000711200000, 0x0000000711200000|100%|HS|  |TAMS 0x0000000711000000, 0x0000000711200000| Complete 
| 137|0x0000000711200000, 0x0000000711400000, 0x0000000711400000|100%|HC|  |TAMS 0x0000000711200000, 0x0000000711400000| Complete 
| 138|0x0000000711400000, 0x0000000711600000, 0x0000000711600000|100%|HC|  |TAMS 0x0000000711400000, 0x0000000711600000| Complete 
| 139|0x0000000711600000, 0x0000000711800000, 0x0000000711800000|100%|HS|  |TAMS 0x0000000711600000, 0x0000000711800000| Complete 
| 140|0x0000000711800000, 0x0000000711a00000, 0x0000000711a00000|100%|HC|  |TAMS 0x0000000711800000, 0x0000000711a00000| Complete 
| 141|0x0000000711a00000, 0x0000000711c00000, 0x0000000711c00000|100%|HC|  |TAMS 0x0000000711a00000, 0x0000000711c00000| Complete 
| 142|0x0000000711c00000, 0x0000000711c00000, 0x0000000711e00000|  0%| F|  |TAMS 0x0000000711c00000, 0x0000000711c00000| Untracked 
| 143|0x0000000711e00000, 0x0000000711e00000, 0x0000000712000000|  0%| F|  |TAMS 0x0000000711e00000, 0x0000000711e00000| Untracked 
| 144|0x0000000712000000, 0x0000000712000000, 0x0000000712200000|  0%| F|  |TAMS 0x0000000712000000, 0x0000000712000000| Untracked 
| 145|0x0000000712200000, 0x0000000712400000, 0x0000000712400000|100%|HS|  |TAMS 0x0000000712200000, 0x0000000712400000| Complete 
| 146|0x0000000712400000, 0x0000000712600000, 0x0000000712600000|100%|HC|  |TAMS 0x0000000712400000, 0x0000000712600000| Complete 
| 147|0x0000000712600000, 0x0000000712800000, 0x0000000712800000|100%|HC|  |TAMS 0x0000000712600000, 0x0000000712800000| Complete 
| 148|0x0000000712800000, 0x0000000712a00000, 0x0000000712a00000|100%|HS|  |TAMS 0x0000000712800000, 0x0000000712a00000| Complete 
| 149|0x0000000712a00000, 0x0000000712c00000, 0x0000000712c00000|100%|HC|  |TAMS 0x0000000712a00000, 0x0000000712c00000| Complete 
| 150|0x0000000712c00000, 0x0000000712e00000, 0x0000000712e00000|100%|HC|  |TAMS 0x0000000712c00000, 0x0000000712e00000| Complete 
| 151|0x0000000712e00000, 0x0000000713000000, 0x0000000713000000|100%|HS|  |TAMS 0x0000000712e00000, 0x0000000713000000| Complete 
| 152|0x0000000713000000, 0x0000000713200000, 0x0000000713200000|100%|HC|  |TAMS 0x0000000713000000, 0x0000000713200000| Complete 
| 153|0x0000000713200000, 0x0000000713400000, 0x0000000713400000|100%|HC|  |TAMS 0x0000000713200000, 0x0000000713400000| Complete 
| 154|0x0000000713400000, 0x0000000713400000, 0x0000000713600000|  0%| F|  |TAMS 0x0000000713400000, 0x0000000713400000| Untracked 
| 155|0x0000000713600000, 0x0000000713800000, 0x0000000713800000|100%| O|  |TAMS 0x0000000713600000, 0x0000000713800000| Untracked 
| 156|0x0000000713800000, 0x0000000713a00000, 0x0000000713a00000|100%| O|  |TAMS 0x0000000713800000, 0x0000000713a00000| Untracked 
| 157|0x0000000713a00000, 0x0000000713c00000, 0x0000000713c00000|100%| O|  |TAMS 0x0000000713a00000, 0x0000000713c00000| Untracked 
| 158|0x0000000713c00000, 0x0000000713e00000, 0x0000000713e00000|100%| O|  |TAMS 0x0000000713c00000, 0x0000000713e00000| Untracked 
| 159|0x0000000713e00000, 0x0000000714000000, 0x0000000714000000|100%| O|  |TAMS 0x0000000713e00000, 0x0000000714000000| Untracked 
| 160|0x0000000714000000, 0x0000000714200000, 0x0000000714200000|100%| O|  |TAMS 0x0000000714000000, 0x0000000714200000| Untracked 
| 161|0x0000000714200000, 0x0000000714400000, 0x0000000714400000|100%| O|  |TAMS 0x0000000714200000, 0x0000000714400000| Untracked 
| 162|0x0000000714400000, 0x00000007145c0000, 0x0000000714600000| 87%| O|  |TAMS 0x0000000714400000, 0x00000007145c0000| Untracked 
| 163|0x0000000714600000, 0x0000000714600000, 0x0000000714800000|  0%| F|  |TAMS 0x0000000714600000, 0x0000000714600000| Untracked 
| 164|0x0000000714800000, 0x0000000714800000, 0x0000000714a00000|  0%| F|  |TAMS 0x0000000714800000, 0x0000000714800000| Untracked 
| 165|0x0000000714a00000, 0x0000000714a00000, 0x0000000714c00000|  0%| F|  |TAMS 0x0000000714a00000, 0x0000000714a00000| Untracked 
| 166|0x0000000714c00000, 0x0000000714c00000, 0x0000000714e00000|  0%| F|  |TAMS 0x0000000714c00000, 0x0000000714c00000| Untracked 
| 167|0x0000000714e00000, 0x0000000714e00000, 0x0000000715000000|  0%| F|  |TAMS 0x0000000714e00000, 0x0000000714e00000| Untracked 
| 168|0x0000000715000000, 0x0000000715000000, 0x0000000715200000|  0%| F|  |TAMS 0x0000000715000000, 0x0000000715000000| Untracked 
| 169|0x0000000715200000, 0x0000000715200000, 0x0000000715400000|  0%| F|  |TAMS 0x0000000715200000, 0x0000000715200000| Untracked 
| 170|0x0000000715400000, 0x0000000715400000, 0x0000000715600000|  0%| F|  |TAMS 0x0000000715400000, 0x0000000715400000| Untracked 
| 171|0x0000000715600000, 0x0000000715600000, 0x0000000715800000|  0%| F|  |TAMS 0x0000000715600000, 0x0000000715600000| Untracked 
| 172|0x0000000715800000, 0x0000000715800000, 0x0000000715a00000|  0%| F|  |TAMS 0x0000000715800000, 0x0000000715800000| Untracked 
| 173|0x0000000715a00000, 0x0000000715a00000, 0x0000000715c00000|  0%| F|  |TAMS 0x0000000715a00000, 0x0000000715a00000| Untracked 
| 174|0x0000000715c00000, 0x0000000715c00000, 0x0000000715e00000|  0%| F|  |TAMS 0x0000000715c00000, 0x0000000715c00000| Untracked 
| 175|0x0000000715e00000, 0x0000000715e00000, 0x0000000716000000|  0%| F|  |TAMS 0x0000000715e00000, 0x0000000715e00000| Untracked 
| 176|0x0000000716000000, 0x0000000716000000, 0x0000000716200000|  0%| F|  |TAMS 0x0000000716000000, 0x0000000716000000| Untracked 
| 177|0x0000000716200000, 0x0000000716200000, 0x0000000716400000|  0%| F|  |TAMS 0x0000000716200000, 0x0000000716200000| Untracked 
| 178|0x0000000716400000, 0x0000000716400000, 0x0000000716600000|  0%| F|  |TAMS 0x0000000716400000, 0x0000000716400000| Untracked 
| 179|0x0000000716600000, 0x0000000716600000, 0x0000000716800000|  0%| F|  |TAMS 0x0000000716600000, 0x0000000716600000| Untracked 
| 180|0x0000000716800000, 0x0000000716800000, 0x0000000716a00000|  0%| F|  |TAMS 0x0000000716800000, 0x0000000716800000| Untracked 
| 181|0x0000000716a00000, 0x0000000716a00000, 0x0000000716c00000|  0%| F|  |TAMS 0x0000000716a00000, 0x0000000716a00000| Untracked 
| 182|0x0000000716c00000, 0x0000000716c00000, 0x0000000716e00000|  0%| F|  |TAMS 0x0000000716c00000, 0x0000000716c00000| Untracked 
| 183|0x0000000716e00000, 0x0000000716e00000, 0x0000000717000000|  0%| F|  |TAMS 0x0000000716e00000, 0x0000000716e00000| Untracked 
| 184|0x0000000717000000, 0x0000000717000000, 0x0000000717200000|  0%| F|  |TAMS 0x0000000717000000, 0x0000000717000000| Untracked 
| 185|0x0000000717200000, 0x0000000717200000, 0x0000000717400000|  0%| F|  |TAMS 0x0000000717200000, 0x0000000717200000| Untracked 
| 186|0x0000000717400000, 0x0000000717400000, 0x0000000717600000|  0%| F|  |TAMS 0x0000000717400000, 0x0000000717400000| Untracked 
| 187|0x0000000717600000, 0x0000000717600000, 0x0000000717800000|  0%| F|  |TAMS 0x0000000717600000, 0x0000000717600000| Untracked 
| 188|0x0000000717800000, 0x0000000717800000, 0x0000000717a00000|  0%| F|  |TAMS 0x0000000717800000, 0x0000000717800000| Untracked 
| 189|0x0000000717a00000, 0x0000000717a00000, 0x0000000717c00000|  0%| F|  |TAMS 0x0000000717a00000, 0x0000000717a00000| Untracked 
| 190|0x0000000717c00000, 0x0000000717c00000, 0x0000000717e00000|  0%| F|  |TAMS 0x0000000717c00000, 0x0000000717c00000| Untracked 
| 191|0x0000000717e00000, 0x0000000717e00000, 0x0000000718000000|  0%| F|  |TAMS 0x0000000717e00000, 0x0000000717e00000| Untracked 
| 192|0x0000000718000000, 0x0000000718000000, 0x0000000718200000|  0%| F|  |TAMS 0x0000000718000000, 0x0000000718000000| Untracked 
| 193|0x0000000718200000, 0x0000000718200000, 0x0000000718400000|  0%| F|  |TAMS 0x0000000718200000, 0x0000000718200000| Untracked 
| 194|0x0000000718400000, 0x0000000718400000, 0x0000000718600000|  0%| F|  |TAMS 0x0000000718400000, 0x0000000718400000| Untracked 
| 195|0x0000000718600000, 0x0000000718600000, 0x0000000718800000|  0%| F|  |TAMS 0x0000000718600000, 0x0000000718600000| Untracked 
| 196|0x0000000718800000, 0x0000000718800000, 0x0000000718a00000|  0%| F|  |TAMS 0x0000000718800000, 0x0000000718800000| Untracked 
| 197|0x0000000718a00000, 0x0000000718a00000, 0x0000000718c00000|  0%| F|  |TAMS 0x0000000718a00000, 0x0000000718a00000| Untracked 
| 198|0x0000000718c00000, 0x0000000718c00000, 0x0000000718e00000|  0%| F|  |TAMS 0x0000000718c00000, 0x0000000718c00000| Untracked 
| 199|0x0000000718e00000, 0x0000000718e00000, 0x0000000719000000|  0%| F|  |TAMS 0x0000000718e00000, 0x0000000718e00000| Untracked 
| 200|0x0000000719000000, 0x0000000719000000, 0x0000000719200000|  0%| F|  |TAMS 0x0000000719000000, 0x0000000719000000| Untracked 
| 201|0x0000000719200000, 0x0000000719200000, 0x0000000719400000|  0%| F|  |TAMS 0x0000000719200000, 0x0000000719200000| Untracked 
| 202|0x0000000719400000, 0x0000000719400000, 0x0000000719600000|  0%| F|  |TAMS 0x0000000719400000, 0x0000000719400000| Untracked 
| 203|0x0000000719600000, 0x0000000719600000, 0x0000000719800000|  0%| F|  |TAMS 0x0000000719600000, 0x0000000719600000| Untracked 
| 204|0x0000000719800000, 0x0000000719800000, 0x0000000719a00000|  0%| F|  |TAMS 0x0000000719800000, 0x0000000719800000| Untracked 
| 205|0x0000000719a00000, 0x0000000719a00000, 0x0000000719c00000|  0%| F|  |TAMS 0x0000000719a00000, 0x0000000719a00000| Untracked 
| 206|0x0000000719c00000, 0x0000000719c00000, 0x0000000719e00000|  0%| F|  |TAMS 0x0000000719c00000, 0x0000000719c00000| Untracked 
| 207|0x0000000719e00000, 0x0000000719e00000, 0x000000071a000000|  0%| F|  |TAMS 0x0000000719e00000, 0x0000000719e00000| Untracked 
| 208|0x000000071a000000, 0x000000071a000000, 0x000000071a200000|  0%| F|  |TAMS 0x000000071a000000, 0x000000071a000000| Untracked 
| 209|0x000000071a200000, 0x000000071a200000, 0x000000071a400000|  0%| F|  |TAMS 0x000000071a200000, 0x000000071a200000| Untracked 
| 210|0x000000071a400000, 0x000000071a400000, 0x000000071a600000|  0%| F|  |TAMS 0x000000071a400000, 0x000000071a400000| Untracked 
| 211|0x000000071a600000, 0x000000071a600000, 0x000000071a800000|  0%| F|  |TAMS 0x000000071a600000, 0x000000071a600000| Untracked 
| 212|0x000000071a800000, 0x000000071a800000, 0x000000071aa00000|  0%| F|  |TAMS 0x000000071a800000, 0x000000071a800000| Untracked 
| 213|0x000000071aa00000, 0x000000071aa00000, 0x000000071ac00000|  0%| F|  |TAMS 0x000000071aa00000, 0x000000071aa00000| Untracked 
| 214|0x000000071ac00000, 0x000000071ac00000, 0x000000071ae00000|  0%| F|  |TAMS 0x000000071ac00000, 0x000000071ac00000| Untracked 
| 215|0x000000071ae00000, 0x000000071ae00000, 0x000000071b000000|  0%| F|  |TAMS 0x000000071ae00000, 0x000000071ae00000| Untracked 
| 216|0x000000071b000000, 0x000000071b000000, 0x000000071b200000|  0%| F|  |TAMS 0x000000071b000000, 0x000000071b000000| Untracked 
| 217|0x000000071b200000, 0x000000071b200000, 0x000000071b400000|  0%| F|  |TAMS 0x000000071b200000, 0x000000071b200000| Untracked 
| 218|0x000000071b400000, 0x000000071b400000, 0x000000071b600000|  0%| F|  |TAMS 0x000000071b400000, 0x000000071b400000| Untracked 
| 219|0x000000071b600000, 0x000000071b600000, 0x000000071b800000|  0%| F|  |TAMS 0x000000071b600000, 0x000000071b600000| Untracked 
| 220|0x000000071b800000, 0x000000071b800000, 0x000000071ba00000|  0%| F|  |TAMS 0x000000071b800000, 0x000000071b800000| Untracked 
| 221|0x000000071ba00000, 0x000000071ba00000, 0x000000071bc00000|  0%| F|  |TAMS 0x000000071ba00000, 0x000000071ba00000| Untracked 
| 222|0x000000071bc00000, 0x000000071bc00000, 0x000000071be00000|  0%| F|  |TAMS 0x000000071bc00000, 0x000000071bc00000| Untracked 
| 223|0x000000071be00000, 0x000000071be00000, 0x000000071c000000|  0%| F|  |TAMS 0x000000071be00000, 0x000000071be00000| Untracked 
| 224|0x000000071c000000, 0x000000071c000000, 0x000000071c200000|  0%| F|  |TAMS 0x000000071c000000, 0x000000071c000000| Untracked 
| 225|0x000000071c200000, 0x000000071c200000, 0x000000071c400000|  0%| F|  |TAMS 0x000000071c200000, 0x000000071c200000| Untracked 
| 226|0x000000071c400000, 0x000000071c400000, 0x000000071c600000|  0%| F|  |TAMS 0x000000071c400000, 0x000000071c400000| Untracked 
| 227|0x000000071c600000, 0x000000071c600000, 0x000000071c800000|  0%| F|  |TAMS 0x000000071c600000, 0x000000071c600000| Untracked 
| 228|0x000000071c800000, 0x000000071c800000, 0x000000071ca00000|  0%| F|  |TAMS 0x000000071c800000, 0x000000071c800000| Untracked 
| 229|0x000000071ca00000, 0x000000071ca00000, 0x000000071cc00000|  0%| F|  |TAMS 0x000000071ca00000, 0x000000071ca00000| Untracked 
| 230|0x000000071cc00000, 0x000000071cc00000, 0x000000071ce00000|  0%| F|  |TAMS 0x000000071cc00000, 0x000000071cc00000| Untracked 
| 231|0x000000071ce00000, 0x000000071ce00000, 0x000000071d000000|  0%| F|  |TAMS 0x000000071ce00000, 0x000000071ce00000| Untracked 
| 232|0x000000071d000000, 0x000000071d000000, 0x000000071d200000|  0%| F|  |TAMS 0x000000071d000000, 0x000000071d000000| Untracked 
| 233|0x000000071d200000, 0x000000071d200000, 0x000000071d400000|  0%| F|  |TAMS 0x000000071d200000, 0x000000071d200000| Untracked 
| 234|0x000000071d400000, 0x000000071d400000, 0x000000071d600000|  0%| F|  |TAMS 0x000000071d400000, 0x000000071d400000| Untracked 
| 235|0x000000071d600000, 0x000000071d600000, 0x000000071d800000|  0%| F|  |TAMS 0x000000071d600000, 0x000000071d600000| Untracked 
| 236|0x000000071d800000, 0x000000071d800000, 0x000000071da00000|  0%| F|  |TAMS 0x000000071d800000, 0x000000071d800000| Untracked 
| 237|0x000000071da00000, 0x000000071da00000, 0x000000071dc00000|  0%| F|  |TAMS 0x000000071da00000, 0x000000071da00000| Untracked 
| 238|0x000000071dc00000, 0x000000071dc00000, 0x000000071de00000|  0%| F|  |TAMS 0x000000071dc00000, 0x000000071dc00000| Untracked 
| 239|0x000000071de00000, 0x000000071de00000, 0x000000071e000000|  0%| F|  |TAMS 0x000000071de00000, 0x000000071de00000| Untracked 
| 240|0x000000071e000000, 0x000000071e000000, 0x000000071e200000|  0%| F|  |TAMS 0x000000071e000000, 0x000000071e000000| Untracked 
| 241|0x000000071e200000, 0x000000071e200000, 0x000000071e400000|  0%| F|  |TAMS 0x000000071e200000, 0x000000071e200000| Untracked 
| 242|0x000000071e400000, 0x000000071e400000, 0x000000071e600000|  0%| F|  |TAMS 0x000000071e400000, 0x000000071e400000| Untracked 
| 243|0x000000071e600000, 0x000000071e600000, 0x000000071e800000|  0%| F|  |TAMS 0x000000071e600000, 0x000000071e600000| Untracked 
| 244|0x000000071e800000, 0x000000071e800000, 0x000000071ea00000|  0%| F|  |TAMS 0x000000071e800000, 0x000000071e800000| Untracked 
| 245|0x000000071ea00000, 0x000000071ea00000, 0x000000071ec00000|  0%| F|  |TAMS 0x000000071ea00000, 0x000000071ea00000| Untracked 
| 246|0x000000071ec00000, 0x000000071ec00000, 0x000000071ee00000|  0%| F|  |TAMS 0x000000071ec00000, 0x000000071ec00000| Untracked 
| 247|0x000000071ee00000, 0x000000071ee00000, 0x000000071f000000|  0%| F|  |TAMS 0x000000071ee00000, 0x000000071ee00000| Untracked 
| 248|0x000000071f000000, 0x000000071f000000, 0x000000071f200000|  0%| F|  |TAMS 0x000000071f000000, 0x000000071f000000| Untracked 
| 249|0x000000071f200000, 0x000000071f200000, 0x000000071f400000|  0%| F|  |TAMS 0x000000071f200000, 0x000000071f200000| Untracked 
| 250|0x000000071f400000, 0x000000071f400000, 0x000000071f600000|  0%| F|  |TAMS 0x000000071f400000, 0x000000071f400000| Untracked 
| 251|0x000000071f600000, 0x000000071f600000, 0x000000071f800000|  0%| F|  |TAMS 0x000000071f600000, 0x000000071f600000| Untracked 
| 252|0x000000071f800000, 0x000000071f800000, 0x000000071fa00000|  0%| F|  |TAMS 0x000000071f800000, 0x000000071f800000| Untracked 
| 253|0x000000071fa00000, 0x000000071fa00000, 0x000000071fc00000|  0%| F|  |TAMS 0x000000071fa00000, 0x000000071fa00000| Untracked 
| 254|0x000000071fc00000, 0x000000071fc00000, 0x000000071fe00000|  0%| F|  |TAMS 0x000000071fc00000, 0x000000071fc00000| Untracked 
| 255|0x000000071fe00000, 0x000000071fe00000, 0x0000000720000000|  0%| F|  |TAMS 0x000000071fe00000, 0x000000071fe00000| Untracked 
| 256|0x0000000720000000, 0x0000000720000000, 0x0000000720200000|  0%| F|  |TAMS 0x0000000720000000, 0x0000000720000000| Untracked 
| 257|0x0000000720200000, 0x0000000720200000, 0x0000000720400000|  0%| F|  |TAMS 0x0000000720200000, 0x0000000720200000| Untracked 
| 258|0x0000000720400000, 0x0000000720400000, 0x0000000720600000|  0%| F|  |TAMS 0x0000000720400000, 0x0000000720400000| Untracked 
| 259|0x0000000720600000, 0x0000000720600000, 0x0000000720800000|  0%| F|  |TAMS 0x0000000720600000, 0x0000000720600000| Untracked 
| 260|0x0000000720800000, 0x0000000720800000, 0x0000000720a00000|  0%| F|  |TAMS 0x0000000720800000, 0x0000000720800000| Untracked 
| 261|0x0000000720a00000, 0x0000000720a00000, 0x0000000720c00000|  0%| F|  |TAMS 0x0000000720a00000, 0x0000000720a00000| Untracked 
| 262|0x0000000720c00000, 0x0000000720c00000, 0x0000000720e00000|  0%| F|  |TAMS 0x0000000720c00000, 0x0000000720c00000| Untracked 
| 263|0x0000000720e00000, 0x0000000720e00000, 0x0000000721000000|  0%| F|  |TAMS 0x0000000720e00000, 0x0000000720e00000| Untracked 
| 264|0x0000000721000000, 0x0000000721000000, 0x0000000721200000|  0%| F|  |TAMS 0x0000000721000000, 0x0000000721000000| Untracked 
| 265|0x0000000721200000, 0x0000000721200000, 0x0000000721400000|  0%| F|  |TAMS 0x0000000721200000, 0x0000000721200000| Untracked 
| 266|0x0000000721400000, 0x0000000721400000, 0x0000000721600000|  0%| F|  |TAMS 0x0000000721400000, 0x0000000721400000| Untracked 
| 267|0x0000000721600000, 0x0000000721600000, 0x0000000721800000|  0%| F|  |TAMS 0x0000000721600000, 0x0000000721600000| Untracked 
| 268|0x0000000721800000, 0x0000000721800000, 0x0000000721a00000|  0%| F|  |TAMS 0x0000000721800000, 0x0000000721800000| Untracked 
| 269|0x0000000721a00000, 0x0000000721a00000, 0x0000000721c00000|  0%| F|  |TAMS 0x0000000721a00000, 0x0000000721a00000| Untracked 
| 270|0x0000000721c00000, 0x0000000721c00000, 0x0000000721e00000|  0%| F|  |TAMS 0x0000000721c00000, 0x0000000721c00000| Untracked 
| 271|0x0000000721e00000, 0x0000000721e00000, 0x0000000722000000|  0%| F|  |TAMS 0x0000000721e00000, 0x0000000721e00000| Untracked 
| 272|0x0000000722000000, 0x0000000722000000, 0x0000000722200000|  0%| F|  |TAMS 0x0000000722000000, 0x0000000722000000| Untracked 
| 273|0x0000000722200000, 0x0000000722200000, 0x0000000722400000|  0%| F|  |TAMS 0x0000000722200000, 0x0000000722200000| Untracked 
| 274|0x0000000722400000, 0x0000000722400000, 0x0000000722600000|  0%| F|  |TAMS 0x0000000722400000, 0x0000000722400000| Untracked 
| 275|0x0000000722600000, 0x0000000722600000, 0x0000000722800000|  0%| F|  |TAMS 0x0000000722600000, 0x0000000722600000| Untracked 
| 276|0x0000000722800000, 0x0000000722800000, 0x0000000722a00000|  0%| F|  |TAMS 0x0000000722800000, 0x0000000722800000| Untracked 
| 277|0x0000000722a00000, 0x0000000722a00000, 0x0000000722c00000|  0%| F|  |TAMS 0x0000000722a00000, 0x0000000722a00000| Untracked 
| 278|0x0000000722c00000, 0x0000000722c00000, 0x0000000722e00000|  0%| F|  |TAMS 0x0000000722c00000, 0x0000000722c00000| Untracked 
| 279|0x0000000722e00000, 0x0000000722e00000, 0x0000000723000000|  0%| F|  |TAMS 0x0000000722e00000, 0x0000000722e00000| Untracked 
| 280|0x0000000723000000, 0x0000000723000000, 0x0000000723200000|  0%| F|  |TAMS 0x0000000723000000, 0x0000000723000000| Untracked 
| 281|0x0000000723200000, 0x0000000723200000, 0x0000000723400000|  0%| F|  |TAMS 0x0000000723200000, 0x0000000723200000| Untracked 
| 282|0x0000000723400000, 0x0000000723400000, 0x0000000723600000|  0%| F|  |TAMS 0x0000000723400000, 0x0000000723400000| Untracked 
| 283|0x0000000723600000, 0x0000000723600000, 0x0000000723800000|  0%| F|  |TAMS 0x0000000723600000, 0x0000000723600000| Untracked 
| 284|0x0000000723800000, 0x0000000723800000, 0x0000000723a00000|  0%| F|  |TAMS 0x0000000723800000, 0x0000000723800000| Untracked 
| 285|0x0000000723a00000, 0x0000000723a00000, 0x0000000723c00000|  0%| F|  |TAMS 0x0000000723a00000, 0x0000000723a00000| Untracked 
| 286|0x0000000723c00000, 0x0000000723c00000, 0x0000000723e00000|  0%| F|  |TAMS 0x0000000723c00000, 0x0000000723c00000| Untracked 
| 287|0x0000000723e00000, 0x0000000723e00000, 0x0000000724000000|  0%| F|  |TAMS 0x0000000723e00000, 0x0000000723e00000| Untracked 
| 288|0x0000000724000000, 0x0000000724000000, 0x0000000724200000|  0%| F|  |TAMS 0x0000000724000000, 0x0000000724000000| Untracked 
| 289|0x0000000724200000, 0x0000000724200000, 0x0000000724400000|  0%| F|  |TAMS 0x0000000724200000, 0x0000000724200000| Untracked 
| 290|0x0000000724400000, 0x0000000724400000, 0x0000000724600000|  0%| F|  |TAMS 0x0000000724400000, 0x0000000724400000| Untracked 
| 291|0x0000000724600000, 0x0000000724600000, 0x0000000724800000|  0%| F|  |TAMS 0x0000000724600000, 0x0000000724600000| Untracked 
| 292|0x0000000724800000, 0x0000000724800000, 0x0000000724a00000|  0%| F|  |TAMS 0x0000000724800000, 0x0000000724800000| Untracked 
| 293|0x0000000724a00000, 0x0000000724a00000, 0x0000000724c00000|  0%| F|  |TAMS 0x0000000724a00000, 0x0000000724a00000| Untracked 
| 294|0x0000000724c00000, 0x0000000724c00000, 0x0000000724e00000|  0%| F|  |TAMS 0x0000000724c00000, 0x0000000724c00000| Untracked 
| 295|0x0000000724e00000, 0x0000000724e00000, 0x0000000725000000|  0%| F|  |TAMS 0x0000000724e00000, 0x0000000724e00000| Untracked 
| 296|0x0000000725000000, 0x0000000725000000, 0x0000000725200000|  0%| F|  |TAMS 0x0000000725000000, 0x0000000725000000| Untracked 
| 297|0x0000000725200000, 0x0000000725200000, 0x0000000725400000|  0%| F|  |TAMS 0x0000000725200000, 0x0000000725200000| Untracked 
| 298|0x0000000725400000, 0x0000000725400000, 0x0000000725600000|  0%| F|  |TAMS 0x0000000725400000, 0x0000000725400000| Untracked 
| 299|0x0000000725600000, 0x0000000725600000, 0x0000000725800000|  0%| F|  |TAMS 0x0000000725600000, 0x0000000725600000| Untracked 
| 300|0x0000000725800000, 0x0000000725800000, 0x0000000725a00000|  0%| F|  |TAMS 0x0000000725800000, 0x0000000725800000| Untracked 
| 301|0x0000000725a00000, 0x0000000725a00000, 0x0000000725c00000|  0%| F|  |TAMS 0x0000000725a00000, 0x0000000725a00000| Untracked 
| 302|0x0000000725c00000, 0x0000000725c00000, 0x0000000725e00000|  0%| F|  |TAMS 0x0000000725c00000, 0x0000000725c00000| Untracked 
| 303|0x0000000725e00000, 0x0000000725e00000, 0x0000000726000000|  0%| F|  |TAMS 0x0000000725e00000, 0x0000000725e00000| Untracked 
| 304|0x0000000726000000, 0x0000000726000000, 0x0000000726200000|  0%| F|  |TAMS 0x0000000726000000, 0x0000000726000000| Untracked 
| 305|0x0000000726200000, 0x0000000726200000, 0x0000000726400000|  0%| F|  |TAMS 0x0000000726200000, 0x0000000726200000| Untracked 
| 306|0x0000000726400000, 0x0000000726400000, 0x0000000726600000|  0%| F|  |TAMS 0x0000000726400000, 0x0000000726400000| Untracked 
| 307|0x0000000726600000, 0x0000000726600000, 0x0000000726800000|  0%| F|  |TAMS 0x0000000726600000, 0x0000000726600000| Untracked 
| 308|0x0000000726800000, 0x0000000726800000, 0x0000000726a00000|  0%| F|  |TAMS 0x0000000726800000, 0x0000000726800000| Untracked 
| 309|0x0000000726a00000, 0x0000000726a00000, 0x0000000726c00000|  0%| F|  |TAMS 0x0000000726a00000, 0x0000000726a00000| Untracked 
| 310|0x0000000726c00000, 0x0000000726c00000, 0x0000000726e00000|  0%| F|  |TAMS 0x0000000726c00000, 0x0000000726c00000| Untracked 
| 311|0x0000000726e00000, 0x0000000726e00000, 0x0000000727000000|  0%| F|  |TAMS 0x0000000726e00000, 0x0000000726e00000| Untracked 
| 312|0x0000000727000000, 0x0000000727000000, 0x0000000727200000|  0%| F|  |TAMS 0x0000000727000000, 0x0000000727000000| Untracked 
| 313|0x0000000727200000, 0x0000000727200000, 0x0000000727400000|  0%| F|  |TAMS 0x0000000727200000, 0x0000000727200000| Untracked 
| 314|0x0000000727400000, 0x0000000727400000, 0x0000000727600000|  0%| F|  |TAMS 0x0000000727400000, 0x0000000727400000| Untracked 
| 315|0x0000000727600000, 0x0000000727600000, 0x0000000727800000|  0%| F|  |TAMS 0x0000000727600000, 0x0000000727600000| Untracked 
| 316|0x0000000727800000, 0x0000000727800000, 0x0000000727a00000|  0%| F|  |TAMS 0x0000000727800000, 0x0000000727800000| Untracked 
| 317|0x0000000727a00000, 0x0000000727a00000, 0x0000000727c00000|  0%| F|  |TAMS 0x0000000727a00000, 0x0000000727a00000| Untracked 
| 318|0x0000000727c00000, 0x0000000727c00000, 0x0000000727e00000|  0%| F|  |TAMS 0x0000000727c00000, 0x0000000727c00000| Untracked 
| 319|0x0000000727e00000, 0x0000000727e00000, 0x0000000728000000|  0%| F|  |TAMS 0x0000000727e00000, 0x0000000727e00000| Untracked 
| 320|0x0000000728000000, 0x0000000728000000, 0x0000000728200000|  0%| F|  |TAMS 0x0000000728000000, 0x0000000728000000| Untracked 
| 321|0x0000000728200000, 0x0000000728200000, 0x0000000728400000|  0%| F|  |TAMS 0x0000000728200000, 0x0000000728200000| Untracked 
| 322|0x0000000728400000, 0x0000000728400000, 0x0000000728600000|  0%| F|  |TAMS 0x0000000728400000, 0x0000000728400000| Untracked 
| 323|0x0000000728600000, 0x0000000728600000, 0x0000000728800000|  0%| F|  |TAMS 0x0000000728600000, 0x0000000728600000| Untracked 
| 324|0x0000000728800000, 0x0000000728800000, 0x0000000728a00000|  0%| F|  |TAMS 0x0000000728800000, 0x0000000728800000| Untracked 
| 325|0x0000000728a00000, 0x0000000728a00000, 0x0000000728c00000|  0%| F|  |TAMS 0x0000000728a00000, 0x0000000728a00000| Untracked 
| 326|0x0000000728c00000, 0x0000000728c00000, 0x0000000728e00000|  0%| F|  |TAMS 0x0000000728c00000, 0x0000000728c00000| Untracked 
| 327|0x0000000728e00000, 0x0000000728e00000, 0x0000000729000000|  0%| F|  |TAMS 0x0000000728e00000, 0x0000000728e00000| Untracked 
| 328|0x0000000729000000, 0x0000000729000000, 0x0000000729200000|  0%| F|  |TAMS 0x0000000729000000, 0x0000000729000000| Untracked 
| 329|0x0000000729200000, 0x0000000729200000, 0x0000000729400000|  0%| F|  |TAMS 0x0000000729200000, 0x0000000729200000| Untracked 
| 330|0x0000000729400000, 0x0000000729400000, 0x0000000729600000|  0%| F|  |TAMS 0x0000000729400000, 0x0000000729400000| Untracked 
| 331|0x0000000729600000, 0x0000000729600000, 0x0000000729800000|  0%| F|  |TAMS 0x0000000729600000, 0x0000000729600000| Untracked 
| 332|0x0000000729800000, 0x0000000729800000, 0x0000000729a00000|  0%| F|  |TAMS 0x0000000729800000, 0x0000000729800000| Untracked 
| 333|0x0000000729a00000, 0x0000000729a00000, 0x0000000729c00000|  0%| F|  |TAMS 0x0000000729a00000, 0x0000000729a00000| Untracked 
| 334|0x0000000729c00000, 0x0000000729c00000, 0x0000000729e00000|  0%| F|  |TAMS 0x0000000729c00000, 0x0000000729c00000| Untracked 
| 335|0x0000000729e00000, 0x0000000729e00000, 0x000000072a000000|  0%| F|  |TAMS 0x0000000729e00000, 0x0000000729e00000| Untracked 
| 336|0x000000072a000000, 0x000000072a000000, 0x000000072a200000|  0%| F|  |TAMS 0x000000072a000000, 0x000000072a000000| Untracked 
| 337|0x000000072a200000, 0x000000072a200000, 0x000000072a400000|  0%| F|  |TAMS 0x000000072a200000, 0x000000072a200000| Untracked 
| 338|0x000000072a400000, 0x000000072a400000, 0x000000072a600000|  0%| F|  |TAMS 0x000000072a400000, 0x000000072a400000| Untracked 
| 339|0x000000072a600000, 0x000000072a600000, 0x000000072a800000|  0%| F|  |TAMS 0x000000072a600000, 0x000000072a600000| Untracked 
| 340|0x000000072a800000, 0x000000072a800000, 0x000000072aa00000|  0%| F|  |TAMS 0x000000072a800000, 0x000000072a800000| Untracked 
| 341|0x000000072aa00000, 0x000000072aa00000, 0x000000072ac00000|  0%| F|  |TAMS 0x000000072aa00000, 0x000000072aa00000| Untracked 
| 342|0x000000072ac00000, 0x000000072ac20688, 0x000000072ae00000|  6%| S|CS|TAMS 0x000000072ac00000, 0x000000072ac00000| Complete 
| 343|0x000000072ae00000, 0x000000072ae00000, 0x000000072b000000|  0%| F|  |TAMS 0x000000072ae00000, 0x000000072ae00000| Untracked 

Card table byte_map: [0x000001cdbc710000,0x000001cdbcf10000] _byte_map_base: 0x000001cdb8f10000

Marking Bits (Prev, Next): (CMBitMap*) 0x000001cda4a9b140, (CMBitMap*) 0x000001cda4a9b100
 Prev Bits: [0x000001cdc1710000, 0x000001cdc5710000)
 Next Bits: [0x000001cdbd710000, 0x000001cdc1710000)

Polling page: 0x000001cda2bd0000

Metaspace:

Usage:
  Non-class:    100.88 MB used.
      Class:     14.62 MB used.
       Both:    115.50 MB used.

Virtual space:
  Non-class space:      128.00 MB reserved,     101.38 MB ( 79%) committed,  2 nodes.
      Class space:        1.00 GB reserved,      15.00 MB (  1%) committed,  1 nodes.
             Both:        1.12 GB reserved,     116.38 MB ( 10%) committed. 

Chunk freelists:
   Non-Class:  10.37 MB
       Class:  1.04 MB
        Both:  11.41 MB

MaxMetaspaceSize: unlimited
CompressedClassSpaceSize: 1.00 GB
Initial GC threshold: 21.00 MB
Current GC threshold: 186.38 MB
CDS: on
MetaspaceReclaimPolicy: balanced
 - commit_granule_bytes: 65536.
 - commit_granule_words: 8192.
 - virtual_space_node_default_size: 8388608.
 - enlarge_chunks_in_place: 1.
 - new_chunks_are_fully_committed: 0.
 - uncommit_free_chunks: 1.
 - use_allocation_guard: 0.
 - handle_deallocations: 1.


Internal statistics:

num_allocs_failed_limit: 9.
num_arena_births: 1382.
num_arena_deaths: 0.
num_vsnodes_births: 3.
num_vsnodes_deaths: 0.
num_space_committed: 1855.
num_space_uncommitted: 0.
num_chunks_returned_to_freelist: 9.
num_chunks_taken_from_freelist: 5564.
num_chunk_merges: 9.
num_chunk_splits: 4280.
num_chunks_enlarged: 3435.
num_inconsistent_stats: 0.

CodeHeap 'non-profiled nmethods': size=119168Kb used=4301Kb max_used=4301Kb free=114866Kb
 bounds [0x000001cdb4230000, 0x000001cdb4670000, 0x000001cdbb690000]
CodeHeap 'profiled nmethods': size=119104Kb used=13480Kb max_used=13480Kb free=105623Kb
 bounds [0x000001cdac690000, 0x000001cdad3c0000, 0x000001cdb3ae0000]
CodeHeap 'non-nmethods': size=7488Kb used=3230Kb max_used=3249Kb free=4257Kb
 bounds [0x000001cdb3ae0000, 0x000001cdb3e20000, 0x000001cdb4230000]
 total_blobs=8287 nmethods=7361 adapters=832
 compilation: enabled
              stopped_count=0, restarted_count=0
 full_count=0

Compilation events (20 events):
Event: 7.978 Thread 0x000001cdc7ac76f0 nmethod 8157 0x000001cdb4661810 code [0x000001cdb46619a0, 0x000001cdb4661f38]
Event: 7.979 Thread 0x000001cdc7acb5b0 8160       1       org.apache.spark.status.LiveTask::info (5 bytes)
Event: 7.979 Thread 0x000001ce136e4ba0 8161       3       scala.collection.immutable.Map$EmptyMap$::updated (7 bytes)
Event: 7.979 Thread 0x000001cdc8a7f810 8162       3       scala.collection.immutable.Map$EmptyMap$::updated (10 bytes)
Event: 7.979 Thread 0x000001ce136e1bd0 8163       3       java.util.concurrent.atomic.LongAdder::increment (6 bytes)
Event: 7.979 Thread 0x000001cdc7acb5b0 nmethod 8160 0x000001cdb4662310 code [0x000001cdb46624a0, 0x000001cdb4662578]
Event: 7.979 Thread 0x000001ce136e1bd0 nmethod 8163 0x000001cdad3b4b10 code [0x000001cdad3b4cc0, 0x000001cdad3b4e08]
Event: 7.979 Thread 0x000001ce136e4ba0 nmethod 8161 0x000001cdad3b4e90 code [0x000001cdad3b5060, 0x000001cdad3b54d8]
Event: 7.979 Thread 0x000001cdc8a7f810 nmethod 8162 0x000001cdad3b5690 code [0x000001cdad3b5860, 0x000001cdad3b5c78]
Event: 7.979 Thread 0x000001ce136e2120 nmethod 8158 0x000001cdb4662610 code [0x000001cdb46627c0, 0x000001cdb4662e18]
Event: 7.983 Thread 0x000001cdc8a7f810 8165   !   3       java.io.ObjectOutputStream::writeSerialData (223 bytes)
Event: 7.983 Thread 0x000001ce136e4ba0 8164       1       org.apache.spark.status.api.v1.ShuffleReadMetrics::shufflePushReadMetrics (5 bytes)
Event: 7.983 Thread 0x000001ce136e4ba0 nmethod 8164 0x000001cdb4663290 code [0x000001cdb4663420, 0x000001cdb46634f8]
Event: 7.983 Thread 0x000001ce136e4ba0 8166       3       java.io.ObjectStreamClass::writeNonProxy (161 bytes)
Event: 7.983 Thread 0x000001cdc8a7f810 nmethod 8165 0x000001cdad3b5e10 code [0x000001cdad3b60c0, 0x000001cdad3b7008]
Event: 7.983 Thread 0x000001ce136e4ba0 nmethod 8166 0x000001cdad3b7690 code [0x000001cdad3b7a60, 0x000001cdad3b8f88]
Event: 7.991 Thread 0x000001cdc8a7f810 8167       3       java.io.ObjectOutputStream$BlockDataOutputStream::writeLong (48 bytes)
Event: 7.992 Thread 0x000001cdc8a7f810 nmethod 8167 0x000001cdad3b9890 code [0x000001cdad3b9a60, 0x000001cdad3b9c78]
Event: 7.992 Thread 0x000001cdc7acb5b0 8168       3       java.util.concurrent.locks.AbstractQueuedSynchronizer$ConditionNode::isReleasable (23 bytes)
Event: 7.992 Thread 0x000001cdc7acb5b0 nmethod 8168 0x000001cdad3b9d90 code [0x000001cdad3b9f40, 0x000001cdad3ba198]

GC Heap History (20 events):
Event: 6.493 GC heap after
{Heap after GC invocations=23 (full 0):
 garbage-first heap   total 356352K, used 181528K [0x0000000700000000, 0x0000000800000000)
  region size 2048K, 1 young (2048K), 1 survivors (2048K)
 Metaspace       used 100143K, committed 100672K, reserved 1179648K
  class space    used 12421K, committed 12672K, reserved 1048576K
}
Event: 7.457 GC heap before
{Heap before GC invocations=24 (full 0):
 garbage-first heap   total 356352K, used 273688K [0x0000000700000000, 0x0000000800000000)
  region size 2048K, 33 young (67584K), 1 survivors (2048K)
 Metaspace       used 112053K, committed 112640K, reserved 1179648K
  class space    used 14042K, committed 14336K, reserved 1048576K
}
Event: 7.459 GC heap after
{Heap after GC invocations=25 (full 0):
 garbage-first heap   total 356352K, used 212707K [0x0000000700000000, 0x0000000800000000)
  region size 2048K, 4 young (8192K), 4 survivors (8192K)
 Metaspace       used 112053K, committed 112640K, reserved 1179648K
  class space    used 14042K, committed 14336K, reserved 1048576K
}
Event: 7.564 GC heap before
{Heap before GC invocations=25 (full 0):
 garbage-first heap   total 356352K, used 220899K [0x0000000700000000, 0x0000000800000000)
  region size 2048K, 8 young (16384K), 4 survivors (8192K)
 Metaspace       used 113655K, committed 114368K, reserved 1179648K
  class space    used 14289K, committed 14592K, reserved 1048576K
}
Event: 7.566 GC heap after
{Heap after GC invocations=26 (full 0):
 garbage-first heap   total 356352K, used 212843K [0x0000000700000000, 0x0000000800000000)
  region size 2048K, 1 young (2048K), 1 survivors (2048K)
 Metaspace       used 113655K, committed 114368K, reserved 1179648K
  class space    used 14289K, committed 14592K, reserved 1048576K
}
Event: 7.574 GC heap before
{Heap before GC invocations=26 (full 0):
 garbage-first heap   total 356352K, used 212843K [0x0000000700000000, 0x0000000800000000)
  region size 2048K, 2 young (4096K), 1 survivors (2048K)
 Metaspace       used 113777K, committed 114496K, reserved 1179648K
  class space    used 14309K, committed 14656K, reserved 1048576K
}
Event: 7.575 GC heap after
{Heap after GC invocations=27 (full 0):
 garbage-first heap   total 356352K, used 212447K [0x0000000700000000, 0x0000000800000000)
  region size 2048K, 1 young (2048K), 1 survivors (2048K)
 Metaspace       used 113777K, committed 114496K, reserved 1179648K
  class space    used 14309K, committed 14656K, reserved 1048576K
}
Event: 7.654 GC heap before
{Heap before GC invocations=28 (full 0):
 garbage-first heap   total 356352K, used 241119K [0x0000000700000000, 0x0000000800000000)
  region size 2048K, 32 young (65536K), 1 survivors (2048K)
 Metaspace       used 113848K, committed 114560K, reserved 1179648K
  class space    used 14327K, committed 14656K, reserved 1048576K
}
Event: 7.660 GC heap after
{Heap after GC invocations=29 (full 0):
 garbage-first heap   total 356352K, used 214300K [0x0000000700000000, 0x0000000800000000)
  region size 2048K, 4 young (8192K), 4 survivors (8192K)
 Metaspace       used 113848K, committed 114560K, reserved 1179648K
  class space    used 14327K, committed 14656K, reserved 1048576K
}
Event: 7.663 GC heap before
{Heap before GC invocations=29 (full 0):
 garbage-first heap   total 356352K, used 222492K [0x0000000700000000, 0x0000000800000000)
  region size 2048K, 8 young (16384K), 4 survivors (8192K)
 Metaspace       used 113848K, committed 114560K, reserved 1179648K
  class space    used 14327K, committed 14656K, reserved 1048576K
}
Event: 7.666 GC heap after
{Heap after GC invocations=30 (full 0):
 garbage-first heap   total 704512K, used 219927K [0x0000000700000000, 0x0000000800000000)
  region size 2048K, 1 young (2048K), 1 survivors (2048K)
 Metaspace       used 113848K, committed 114560K, reserved 1179648K
  class space    used 14327K, committed 14656K, reserved 1048576K
}
Event: 7.959 GC heap before
{Heap before GC invocations=30 (full 0):
 garbage-first heap   total 704512K, used 371479K [0x0000000700000000, 0x0000000800000000)
  region size 2048K, 29 young (59392K), 1 survivors (2048K)
 Metaspace       used 118266K, committed 119104K, reserved 1179648K
  class space    used 14970K, committed 15360K, reserved 1048576K
}
Event: 7.965 GC heap after
{Heap after GC invocations=31 (full 0):
 garbage-first heap   total 704512K, used 284456K [0x0000000700000000, 0x0000000800000000)
  region size 2048K, 9 young (18432K), 9 survivors (18432K)
 Metaspace       used 118266K, committed 119104K, reserved 1179648K
  class space    used 14970K, committed 15360K, reserved 1048576K
}
Event: 7.984 GC heap before
{Heap before GC invocations=31 (full 0):
 garbage-first heap   total 704512K, used 337704K [0x0000000700000000, 0x0000000800000000)
  region size 2048K, 13 young (26624K), 9 survivors (18432K)
 Metaspace       used 118271K, committed 119168K, reserved 1179648K
  class space    used 14971K, committed 15360K, reserved 1048576K
}
Event: 7.987 GC heap after
{Heap after GC invocations=32 (full 0):
 garbage-first heap   total 704512K, used 310220K [0x0000000700000000, 0x0000000800000000)
  region size 2048K, 1 young (2048K), 1 survivors (2048K)
 Metaspace       used 118271K, committed 119168K, reserved 1179648K
  class space    used 14971K, committed 15360K, reserved 1048576K
}
Event: 7.989 GC heap before
{Heap before GC invocations=32 (full 0):
 garbage-first heap   total 704512K, used 314316K [0x0000000700000000, 0x0000000800000000)
  region size 2048K, 2 young (4096K), 1 survivors (2048K)
 Metaspace       used 118271K, committed 119168K, reserved 1179648K
  class space    used 14971K, committed 15360K, reserved 1048576K
}
Event: 7.990 GC heap after
{Heap after GC invocations=33 (full 0):
 garbage-first heap   total 704512K, used 311256K [0x0000000700000000, 0x0000000800000000)
  region size 2048K, 1 young (2048K), 1 survivors (2048K)
 Metaspace       used 118271K, committed 119168K, reserved 1179648K
  class space    used 14971K, committed 15360K, reserved 1048576K
}
Event: 7.993 GC heap before
{Heap before GC invocations=33 (full 0):
 garbage-first heap   total 704512K, used 317400K [0x0000000700000000, 0x0000000800000000)
  region size 2048K, 2 young (4096K), 1 survivors (2048K)
 Metaspace       used 118272K, committed 119168K, reserved 1179648K
  class space    used 14971K, committed 15360K, reserved 1048576K
}
Event: 7.994 GC heap after
{Heap after GC invocations=34 (full 0):
 garbage-first heap   total 704512K, used 313469K [0x0000000700000000, 0x0000000800000000)
  region size 2048K, 1 young (2048K), 1 survivors (2048K)
 Metaspace       used 118272K, committed 119168K, reserved 1179648K
  class space    used 14971K, committed 15360K, reserved 1048576K
}
Event: 7.995 GC heap before
{Heap before GC invocations=34 (full 0):
 garbage-first heap   total 704512K, used 315517K [0x0000000700000000, 0x0000000800000000)
  region size 2048K, 2 young (4096K), 1 survivors (2048K)
 Metaspace       used 118272K, committed 119168K, reserved 1179648K
  class space    used 14971K, committed 15360K, reserved 1048576K
}

Dll operation events (13 events):
Event: 0.004 Loaded shared library C:\Users\Maxel\miniconda3\Library\lib\jvm\bin\java.dll
Event: 0.015 Loaded shared library C:\Users\Maxel\miniconda3\Library\lib\jvm\bin\jsvml.dll
Event: 0.086 Loaded shared library C:\Users\Maxel\miniconda3\Library\lib\jvm\bin\net.dll
Event: 0.087 Loaded shared library C:\Users\Maxel\miniconda3\Library\lib\jvm\bin\nio.dll
Event: 0.089 Loaded shared library C:\Users\Maxel\miniconda3\Library\lib\jvm\bin\zip.dll
Event: 0.373 Loaded shared library C:\Users\Maxel\miniconda3\Library\lib\jvm\bin\jimage.dll
Event: 0.518 Loaded shared library C:\Users\Maxel\miniconda3\Library\lib\jvm\bin\management.dll
Event: 0.520 Loaded shared library C:\Users\Maxel\miniconda3\Library\lib\jvm\bin\management_ext.dll
Event: 1.162 Loaded shared library C:\Users\Maxel\miniconda3\Library\lib\jvm\bin\extnet.dll
Event: 1.454 Loaded shared library C:\Users\Maxel\miniconda3\Library\lib\jvm\bin\jaas.dll
Event: 1.686 Loaded shared library C:\Users\Maxel\miniconda3\Library\lib\jvm\bin\sunmscapi.dll
Event: 7.698 Loaded shared library C:\Users\Maxel\miniconda3\Library\lib\jvm\bin\verify.dll
Event: 7.845 Loaded shared library C:\Users\Maxel\AppData\Local\Temp\liblz4-java-9298558062568398487.dll

Deoptimization events (20 events):
Event: 7.777 Thread 0x000001ce109c0590 Uncommon trap: trap_request=0xffffffde fr.pc=0x000001cdb42efd9c relative=0x000000000000135c
Event: 7.777 Thread 0x000001ce109c0590 Uncommon trap: reason=class_check action=maybe_recompile pc=0x000001cdb42efd9c method=java.util.concurrent.ConcurrentHashMap.putVal(Ljava/lang/Object;Ljava/lang/Object;Z)Ljava/lang/Object; @ 242 c2
Event: 7.777 Thread 0x000001ce109c0590 DEOPT PACKING pc=0x000001cdb42efd9c sp=0x0000008e53cfe230
Event: 7.777 Thread 0x000001ce109c0590 DEOPT UNPACKING pc=0x000001cdb3b369a3 sp=0x0000008e53cfe1b0 mode 2
Event: 7.787 Thread 0x000001ce10c00860 DEOPT PACKING pc=0x000001cdad20dab2 sp=0x0000008e535fa090
Event: 7.787 Thread 0x000001ce10c00860 DEOPT UNPACKING pc=0x000001cdb3b37143 sp=0x0000008e535f95d8 mode 0
Event: 7.797 Thread 0x000001ce10c00860 DEOPT PACKING pc=0x000001cdad20dab2 sp=0x0000008e535fc1a0
Event: 7.797 Thread 0x000001ce10c00860 DEOPT UNPACKING pc=0x000001cdb3b37143 sp=0x0000008e535fb6e8 mode 0
Event: 7.802 Thread 0x000001ce10c00860 Uncommon trap: trap_request=0xffffffde fr.pc=0x000001cdb46101f4 relative=0x0000000000000154
Event: 7.802 Thread 0x000001ce10c00860 Uncommon trap: reason=class_check action=maybe_recompile pc=0x000001cdb46101f4 method=java.lang.reflect.Array.newInstance(Ljava/lang/Class;I)Ljava/lang/Object; @ 2 c2
Event: 7.802 Thread 0x000001ce10c00860 DEOPT PACKING pc=0x000001cdb46101f4 sp=0x0000008e535fe810
Event: 7.802 Thread 0x000001ce10c00860 DEOPT UNPACKING pc=0x000001cdb3b369a3 sp=0x0000008e535fe7a8 mode 2
Event: 7.819 Thread 0x000001ce10c00860 Uncommon trap: trap_request=0xffffffde fr.pc=0x000001cdb4486b58 relative=0x00000000000000b8
Event: 7.819 Thread 0x000001ce10c00860 Uncommon trap: reason=class_check action=maybe_recompile pc=0x000001cdb4486b58 method=scala.runtime.Statics.anyHash(Ljava/lang/Object;)I @ 14 c2
Event: 7.819 Thread 0x000001ce10c00860 DEOPT PACKING pc=0x000001cdb4486b58 sp=0x0000008e535fdd40
Event: 7.819 Thread 0x000001ce10c00860 DEOPT UNPACKING pc=0x000001cdb3b369a3 sp=0x0000008e535fdcd0 mode 2
Event: 7.966 Thread 0x000001cdc7aa8b70 Uncommon trap: trap_request=0xffffff45 fr.pc=0x000001cdb42e60e4 relative=0x00000000000004a4
Event: 7.966 Thread 0x000001cdc7aa8b70 Uncommon trap: reason=unstable_if action=reinterpret pc=0x000001cdb42e60e4 method=java.lang.ref.ReferenceQueue.enqueue(Ljava/lang/ref/Reference;)Z @ 94 c2
Event: 7.966 Thread 0x000001cdc7aa8b70 DEOPT PACKING pc=0x000001cdb42e60e4 sp=0x0000008e4f2ff680
Event: 7.966 Thread 0x000001cdc7aa8b70 DEOPT UNPACKING pc=0x000001cdb3b369a3 sp=0x0000008e4f2ff5b8 mode 2

Classes loaded (20 events):
Event: 7.710 Loading class java/io/ObjectStreamClass$5
Event: 7.710 Loading class java/io/ObjectStreamClass$5 done
Event: 7.733 Loading class java/util/PrimitiveIterator$OfInt
Event: 7.734 Loading class java/util/PrimitiveIterator
Event: 7.734 Loading class java/util/PrimitiveIterator done
Event: 7.734 Loading class java/util/PrimitiveIterator$OfInt done
Event: 7.782 Loading class java/io/SerialCallbackContext
Event: 7.782 Loading class java/io/SerialCallbackContext done
Event: 7.828 Loading class java/io/File$TempDirectory
Event: 7.828 Loading class java/io/File$TempDirectory done
Event: 7.845 Loading class java/io/DeleteOnExitHook
Event: 7.846 Loading class java/io/DeleteOnExitHook done
Event: 7.846 Loading class java/io/DeleteOnExitHook$1
Event: 7.846 Loading class java/io/DeleteOnExitHook$1 done
Event: 7.853 Loading class java/util/zip/Adler32
Event: 7.854 Loading class java/util/zip/Adler32 done
Event: 7.866 Loading class java/util/concurrent/locks/ReentrantReadWriteLock$Sync$HoldCounter
Event: 7.866 Loading class java/util/concurrent/locks/ReentrantReadWriteLock$Sync$HoldCounter done
Event: 7.881 Loading class java/util/concurrent/ConcurrentLinkedQueue$Itr
Event: 7.881 Loading class java/util/concurrent/ConcurrentLinkedQueue$Itr done

Classes unloaded (0 events):
No events

Classes redefined (0 events):
No events

Internal exceptions (20 events):
Event: 7.866 Thread 0x000001ce10c00860 Exception <a 'java/lang/NoSuchMethodError'{0x00000007289ea990}: static Lorg/apache/spark/executor/ShuffleReadMetrics;.<clinit>()V> (0x00000007289ea990) 
thrown [s\src\hotspot\share\prims\jni.cpp, line 1112]
Event: 7.867 Thread 0x000001ce10c00860 Exception <a 'java/lang/NoSuchMethodError'{0x00000007289fea00}: static Lorg/apache/spark/executor/ShuffleWriteMetrics;.<clinit>()V> (0x00000007289fea00) 
thrown [s\src\hotspot\share\prims\jni.cpp, line 1112]
Event: 7.869 Thread 0x000001ce10c00860 Exception <a 'java/lang/NoSuchMethodError'{0x0000000728635500}: 'java.lang.Object java.lang.invoke.DirectMethodHandle$Holder.newInvokeSpecial(java.lang.Object, java.lang.Object, java.lang.Object, java.lang.Object, java.lang.Object, java.lang.Object, java.lang.Object, java.lang.Object, java.lang.Object, int)'> (0x0000000728635500) 
thrown [s\src\hotspot\share\interpreter\linkResolver.cpp, line 759]
Event: 7.869 Thread 0x000001ce10c00860 Exception <a 'java/lang/NoSuchMethodError'{0x000000072863aa50}: 'java.lang.Object java.lang.invoke.DirectMethodHandle$Holder.invokeSpecial(java.lang.Object, java.lang.Object, java.lang.Object, java.lang.Object, java.lang.Object, java.lang.Object, java.lang.Object, java.lang.Object, java.lang.Object, java.lang.Object, int)'> (0x000000072863aa50) 
thrown [s\src\hotspot\share\interpreter\linkResolver.cpp, line 759]
Event: 7.879 Thread 0x000001ce10c00860 Exception <a 'java/lang/NoSuchMethodError'{0x0000000728704478}: 'java.lang.Object java.lang.invoke.DirectMethodHandle$Holder.invokeStatic(java.lang.Object, java.lang.Object, java.lang.Object, int, int, java.lang.Object)'> (0x0000000728704478) 
thrown [s\src\hotspot\share\interpreter\linkResolver.cpp, line 759]
Event: 7.882 Thread 0x000001ce104ce190 Exception <a 'java/lang/NoSuchMethodError'{0x00000007287529e0}: 'java.lang.Object java.lang.invoke.DirectMethodHandle$Holder.newInvokeSpecial(java.lang.Object, java.lang.Object, java.lang.Object, java.lang.Object, java.lang.Object, java.lang.Object, java.lang.Object, java.lang.Object, java.lang.Object, java.lang.Object)'> (0x00000007287529e0) 
thrown [s\src\hotspot\share\interpreter\linkResolver.cpp, line 759]
Event: 7.882 Thread 0x000001ce104ce190 Exception <a 'java/lang/NoSuchMethodError'{0x0000000728763390}: 'java.lang.Object java.lang.invoke.DirectMethodHandle$Holder.newInvokeSpecial(java.lang.Object, java.lang.Object, java.lang.Object, java.lang.Object, java.lang.Object, java.lang.Object, java.lang.Object, java.lang.Object, java.lang.Object, java.lang.Object, java.lang.Object)'> (0x0000000728763390) 
thrown [s\src\hotspot\share\interpreter\linkResolver.cpp, line 759]
Event: 7.882 Thread 0x000001ce104ce190 Exception <a 'java/lang/NoSuchMethodError'{0x0000000728768138}: 'java.lang.Object java.lang.invoke.DirectMethodHandle$Holder.invokeSpecial(java.lang.Object, java.lang.Object, java.lang.Object, java.lang.Object, java.lang.Object, java.lang.Object, java.lang.Object, java.lang.Object, java.lang.Object, java.lang.Object, java.lang.Object, java.lang.Object)'> (0x0000000728768138) 
thrown [s\src\hotspot\share\interpreter\linkResolver.cpp, line 759]
Event: 7.882 Thread 0x000001ce104ce190 Exception <a 'java/lang/NoSuchMethodError'{0x000000072876ca40}: 'java.lang.Object java.lang.invoke.Invokers$Holder.linkToTargetMethod(java.lang.Object, java.lang.Object, java.lang.Object, java.lang.Object, java.lang.Object, java.lang.Object, java.lang.Object, java.lang.Object, java.lang.Object, java.lang.Object, java.lang.Object)'> (0x000000072876ca40) 
thrown [s\src\hotspot\share\interpreter\linkResolver.cpp, line 759]
Event: 7.890 Thread 0x000001ce104ce190 Exception <a 'java/lang/NoSuchMethodError'{0x000000072844bec0}: static Lorg/apache/spark/scheduler/ShuffleMapTask;.<clinit>()V> (0x000000072844bec0) 
thrown [s\src\hotspot\share\prims\jni.cpp, line 1112]
Event: 7.890 Thread 0x000001ce104ce190 Exception <a 'java/lang/NoSuchMethodError'{0x0000000728452920}: static Lorg/apache/spark/scheduler/Task;.<clinit>()V> (0x0000000728452920) 
thrown [s\src\hotspot\share\prims\jni.cpp, line 1112]
Event: 7.891 Thread 0x000001ce104ce190 Exception <a 'java/lang/NoSuchMethodError'{0x0000000728469d50}: static Lorg/apache/spark/JobArtifactSet;.<clinit>()V> (0x0000000728469d50) 
thrown [s\src\hotspot\share\prims\jni.cpp, line 1112]
Event: 7.891 Thread 0x000001ce104ce190 Exception <a 'java/lang/NoSuchMethodError'{0x0000000728489ba0}: static Lorg/apache/spark/rdd/ParallelCollectionPartition;.<clinit>()V> (0x0000000728489ba0) 
thrown [s\src\hotspot\share\prims\jni.cpp, line 1112]
Event: 7.892 Thread 0x000001ce104ce190 Exception <a 'java/lang/NoSuchMethodError'{0x00000007284a3ef0}: static [Lorg/apache/spark/sql/catalyst/InternalRow;.<clinit>()V> (0x00000007284a3ef0) 
thrown [s\src\hotspot\share\prims\jni.cpp, line 1112]
Event: 7.893 Thread 0x000001ce104ce190 Exception <a 'java/lang/NoSuchMethodError'{0x00000007284bc498}: static Lorg/apache/spark/sql/catalyst/InternalRow;.<clinit>()V> (0x00000007284bc498) 
thrown [s\src\hotspot\share\prims\jni.cpp, line 1112]
Event: 7.905 Thread 0x000001ce104ce190 Exception <a 'java/lang/NoSuchMethodError'{0x0000000728256f70}: static Lorg/apache/spark/broadcast/TorrentBroadcast;.<clinit>()V> (0x0000000728256f70) 
thrown [s\src\hotspot\share\prims\jni.cpp, line 1112]
Event: 7.905 Thread 0x000001ce104ce190 Exception <a 'java/lang/NoSuchMethodError'{0x0000000728261ba8}: static Lorg/apache/spark/broadcast/Broadcast;.<clinit>()V> (0x0000000728261ba8) 
thrown [s\src\hotspot\share\prims\jni.cpp, line 1112]
Event: 7.906 Thread 0x000001ce104ce190 Exception <a 'java/lang/NoSuchMethodError'{0x0000000728279b70}: static Lorg/apache/spark/storage/BroadcastBlockId;.<clinit>()V> (0x0000000728279b70) 
thrown [s\src\hotspot\share\prims\jni.cpp, line 1112]
Event: 7.909 Thread 0x000001ce104ce190 Exception <a 'java/lang/NoSuchMethodError'{0x00000007282b3a80}: 'java.lang.Object java.lang.invoke.DirectMethodHandle$Holder.newInvokeSpecial(java.lang.Object, java.lang.Object, java.lang.Object, java.lang.Object, java.lang.Object, java.lang.Object, java.lang.Object, java.lang.Object, java.lang.Object)'> (0x00000007282b3a80) 
thrown [s\src\hotspot\share\interpreter\linkResolver.cpp, line 759]
Event: 7.918 Thread 0x000001ce109c0590 Exception <a 'java/lang/NoSuchMethodError'{0x000000072809c7e8}: 'void java.lang.invoke.DirectMethodHandle$Holder.invokeStatic(java.lang.Object, java.lang.Object, int, int)'> (0x000000072809c7e8) 
thrown [s\src\hotspot\share\interpreter\linkResolver.cpp, line 759]

VM Operations (20 events):
Event: 7.611 Executing VM operation: G1PauseCleanup done
Event: 7.615 Executing VM operation: HandshakeAllThreads
Event: 7.615 Executing VM operation: HandshakeAllThreads done
Event: 7.654 Executing VM operation: G1CollectForAllocation
Event: 7.660 Executing VM operation: G1CollectForAllocation done
Event: 7.663 Executing VM operation: G1CollectForAllocation
Event: 7.666 Executing VM operation: G1CollectForAllocation done
Event: 7.848 Executing VM operation: HandshakeAllThreads
Event: 7.848 Executing VM operation: HandshakeAllThreads done
Event: 7.871 Executing VM operation: HandshakeAllThreads
Event: 7.871 Executing VM operation: HandshakeAllThreads done
Event: 7.959 Executing VM operation: G1TryInitiateConcMark
Event: 7.965 Executing VM operation: G1TryInitiateConcMark done
Event: 7.984 Executing VM operation: G1TryInitiateConcMark
Event: 7.987 Executing VM operation: G1TryInitiateConcMark done
Event: 7.989 Executing VM operation: G1TryInitiateConcMark
Event: 7.990 Executing VM operation: G1TryInitiateConcMark done
Event: 7.993 Executing VM operation: G1TryInitiateConcMark
Event: 7.994 Executing VM operation: G1TryInitiateConcMark done
Event: 7.995 Executing VM operation: G1TryInitiateConcMark

Memory protections (0 events):
No events

Nmethod flushes (20 events):
Event: 3.375 Thread 0x000001cdc7ada700 flushing  nmethod 0x000001cdace5a690
Event: 3.375 Thread 0x000001cdc7ada700 flushing  nmethod 0x000001cdace67590
Event: 3.375 Thread 0x000001cdc7ada700 flushing  nmethod 0x000001cdace68c10
Event: 3.375 Thread 0x000001cdc7ada700 flushing  nmethod 0x000001cdace69b90
Event: 3.375 Thread 0x000001cdc7ada700 flushing  nmethod 0x000001cdace7f490
Event: 3.375 Thread 0x000001cdc7ada700 flushing  nmethod 0x000001cdaceba410
Event: 3.375 Thread 0x000001cdc7ada700 flushing  nmethod 0x000001cdacee0490
Event: 3.375 Thread 0x000001cdc7ada700 flushing  nmethod 0x000001cdacf1bc90
Event: 3.375 Thread 0x000001cdc7ada700 flushing  nmethod 0x000001cdacf36a10
Event: 3.375 Thread 0x000001cdc7ada700 flushing  nmethod 0x000001cdacf51b90
Event: 3.375 Thread 0x000001cdc7ada700 flushing  nmethod 0x000001cdacf6f910
Event: 3.375 Thread 0x000001cdc7ada700 flushing  nmethod 0x000001cdacf7fb90
Event: 3.375 Thread 0x000001cdc7ada700 flushing  nmethod 0x000001cdacf95d90
Event: 3.375 Thread 0x000001cdc7ada700 flushing  nmethod 0x000001cdad017810
Event: 3.375 Thread 0x000001cdc7ada700 flushing  nmethod 0x000001cdad025590
Event: 3.375 Thread 0x000001cdc7ada700 flushing  nmethod 0x000001cdad025f10
Event: 3.376 Thread 0x000001cdc7ada700 flushing  nmethod 0x000001cdad03f710
Event: 7.617 Thread 0x000001cdc7ada700 flushing  nmethod 0x000001cdac84a090
Event: 7.620 Thread 0x000001cdc7ada700 flushing  nmethod 0x000001cdad03aa10
Event: 7.620 Thread 0x000001cdc7ada700 flushing  nmethod 0x000001cdad098010

Events (20 events):
Event: 4.605 Thread 0x000001ce133bfa70 Thread exited: 0x000001ce133bfa70
Event: 5.048 Thread 0x000001ce0e43ef30 Thread added: 0x000001ce109c7a00
Event: 5.578 Thread 0x000001cdc8a7f810 Thread added: 0x000001ce136e1680
Event: 5.578 Thread 0x000001cdc8a7f810 Thread added: 0x000001ce136e3bb0
Event: 5.586 Thread 0x000001cdc7acb5b0 Thread added: 0x000001ce136e4100
Event: 5.874 Thread 0x000001cdc7acb5b0 Thread added: 0x000001ce136e4ba0
Event: 5.875 Thread 0x000001cdc8a7f810 Thread added: 0x000001ce136e1bd0
Event: 6.212 Thread 0x000001ce136e4100 Thread exited: 0x000001ce136e4100
Event: 6.212 Thread 0x000001ce136e3bb0 Thread exited: 0x000001ce136e3bb0
Event: 6.476 Thread 0x000001ce136e1680 Thread exited: 0x000001ce136e1680
Event: 6.638 Thread 0x000001ce136e1bd0 Thread added: 0x000001ce136e3bb0
Event: 6.646 Thread 0x000001cdc7acb5b0 Thread added: 0x000001ce136e1680
Event: 6.730 Thread 0x000001ce0e43ef30 Thread added: 0x000001ce0e975660
Event: 6.769 Thread 0x000001ce136e1680 Thread exited: 0x000001ce136e1680
Event: 6.928 Thread 0x000001ce136e3bb0 Thread exited: 0x000001ce136e3bb0
Event: 7.504 Thread 0x000001ce136e4ba0 Thread added: 0x000001ce136e3bb0
Event: 7.608 Thread 0x000001ce0e43ef30 Thread added: 0x000001ce0e975b70
Event: 7.615 Thread 0x000001cdc8a7f810 Thread added: 0x000001ce136e2120
Event: 7.616 Thread 0x000001cdc7acb5b0 Thread added: 0x000001ce136e4100
Event: 7.762 Thread 0x000001ce136e4100 Thread exited: 0x000001ce136e4100


Dynamic libraries:
0x00007ff632f80000 - 0x00007ff632f8e000 	C:\Users\Maxel\miniconda3\Library\lib\jvm\bin\java.exe
0x00007ff890640000 - 0x00007ff8908a6000 	C:\Windows\SYSTEM32\ntdll.dll
0x00007ff88ebb0000 - 0x00007ff88ec79000 	C:\Windows\System32\KERNEL32.DLL
0x00007ff88da80000 - 0x00007ff88de7e000 	C:\Windows\System32\KERNELBASE.dll
0x00007ff8899c0000 - 0x00007ff889a60000 	C:\Windows\SYSTEM32\apphelp.dll
0x00007ff88d8f0000 - 0x00007ff88da3c000 	C:\Windows\System32\ucrtbase.dll
0x00007ff84a340000 - 0x00007ff84a359000 	C:\Users\Maxel\miniconda3\Library\lib\jvm\bin\jli.dll
0x00007ff87b4b0000 - 0x00007ff87b4ce000 	C:\Windows\SYSTEM32\VCRUNTIME140.dll
0x00007ff88e900000 - 0x00007ff88eac7000 	C:\Windows\System32\USER32.dll
0x00007ff88da50000 - 0x00007ff88da77000 	C:\Windows\System32\win32u.dll
0x00007ff873ac0000 - 0x00007ff873d52000 	C:\Windows\WinSxS\amd64_microsoft.windows.common-controls_6595b64144ccf1df_6.0.26100.8875_none_3e0d5d42e32fe9dd\COMCTL32.dll
0x00007ff88fb90000 - 0x00007ff88fbbb000 	C:\Windows\System32\GDI32.dll
0x00007ff88ed10000 - 0x00007ff88edb9000 	C:\Windows\System32\msvcrt.dll
0x00007ff88e180000 - 0x00007ff88e2aa000 	C:\Windows\System32\gdi32full.dll
0x00007ff88e0d0000 - 0x00007ff88e173000 	C:\Windows\System32\msvcp_win.dll
0x00007ff88f3e0000 - 0x00007ff88f412000 	C:\Windows\System32\IMM32.DLL
0x00007fffd0130000 - 0x00007fffd0da4000 	C:\Users\Maxel\miniconda3\Library\lib\jvm\bin\server\jvm.dll
0x00007ff88e5d0000 - 0x00007ff88e687000 	C:\Windows\System32\ADVAPI32.dll
0x00007ff88f330000 - 0x00007ff88f3da000 	C:\Windows\System32\sechost.dll
0x00007ff88f420000 - 0x00007ff88f538000 	C:\Windows\System32\RPCRT4.dll
0x00007ff88e370000 - 0x00007ff88e3f0000 	C:\Windows\System32\WS2_32.dll
0x00007ff889f30000 - 0x00007ff889f66000 	C:\Windows\SYSTEM32\WINMM.dll
0x00007ff88c370000 - 0x00007ff88c3ce000 	C:\Windows\SYSTEM32\POWRPROF.dll
0x00007ff883a80000 - 0x00007ff883a8b000 	C:\Windows\SYSTEM32\VERSION.dll
0x00007ff87b4a0000 - 0x00007ff87b4ac000 	C:\Windows\SYSTEM32\VCRUNTIME140_1.dll
0x00007ff88c350000 - 0x00007ff88c364000 	C:\Windows\SYSTEM32\UMPDC.dll
0x00007ff88c5a0000 - 0x00007ff88c5bb000 	C:\Windows\SYSTEM32\kernel.appcore.dll
0x00007ff86f000000 - 0x00007ff86f00a000 	C:\Users\Maxel\miniconda3\Library\lib\jvm\bin\jimage.dll
0x00007ff88ad60000 - 0x00007ff88afa2000 	C:\Windows\SYSTEM32\DBGHELP.DLL
0x00007ff88f800000 - 0x00007ff88fb83000 	C:\Windows\System32\combase.dll
0x00007ff88f540000 - 0x00007ff88f619000 	C:\Windows\System32\OLEAUT32.dll
0x00007ff8406a0000 - 0x00007ff8406db000 	C:\Windows\SYSTEM32\dbgcore.DLL
0x00007ff88e2b0000 - 0x00007ff88e35c000 	C:\Windows\System32\bcryptPrimitives.dll
0x00007ff83a530000 - 0x00007ff83a555000 	C:\Users\Maxel\miniconda3\Library\lib\jvm\bin\java.dll
0x00007ff804100000 - 0x00007ff8041d7000 	C:\Users\Maxel\miniconda3\Library\lib\jvm\bin\jsvml.dll
0x00007ff88fbc0000 - 0x00007ff890352000 	C:\Windows\System32\SHELL32.dll
0x00007ff88b2e0000 - 0x00007ff88bb72000 	C:\Windows\SYSTEM32\windows.storage.dll
0x00007ff890360000 - 0x00007ff890457000 	C:\Windows\System32\SHCORE.dll
0x00007ff890590000 - 0x00007ff8905f7000 	C:\Windows\System32\shlwapi.dll
0x00007ff88d780000 - 0x00007ff88d7a9000 	C:\Windows\SYSTEM32\profapi.dll
0x00007ff83a510000 - 0x00007ff83a529000 	C:\Users\Maxel\miniconda3\Library\lib\jvm\bin\net.dll
0x00007ff8866c0000 - 0x00007ff8867e7000 	C:\Windows\SYSTEM32\WINHTTP.dll
0x00007ff88cc10000 - 0x00007ff88cc7c000 	C:\Windows\system32\mswsock.dll
0x00007ff830520000 - 0x00007ff830536000 	C:\Users\Maxel\miniconda3\Library\lib\jvm\bin\nio.dll
0x00007ff830500000 - 0x00007ff830518000 	C:\Users\Maxel\miniconda3\Library\lib\jvm\bin\zip.dll
0x00007ff864cc0000 - 0x00007ff864cc9000 	C:\Users\Maxel\miniconda3\Library\lib\jvm\bin\management.dll
0x00007ff853080000 - 0x00007ff85308b000 	C:\Users\Maxel\miniconda3\Library\lib\jvm\bin\management_ext.dll
0x00007ff890580000 - 0x00007ff890588000 	C:\Windows\System32\PSAPI.DLL
0x00007ff8632f0000 - 0x00007ff863308000 	C:\Windows\system32\napinsp.dll
0x00007ff88c040000 - 0x00007ff88c196000 	C:\Windows\SYSTEM32\DNSAPI.dll
0x00007ff88ca10000 - 0x00007ff88ca1d000 	C:\Windows\SYSTEM32\DSPARSE.dll
0x00007ff88bfa0000 - 0x00007ff88bfd3000 	C:\Windows\SYSTEM32\IPHLPAPI.DLL
0x00007ff88e750000 - 0x00007ff88e75a000 	C:\Windows\System32\NSI.dll
0x00007ff8632d0000 - 0x00007ff8632e3000 	C:\Windows\System32\winrnr.dll
0x00007ff8632a0000 - 0x00007ff8632c2000 	C:\Windows\system32\nlansp_c.dll
0x00007ff884d70000 - 0x00007ff884d86000 	C:\Windows\system32\wshbth.dll
0x00007ff885cd0000 - 0x00007ff885cdb000 	C:\Windows\System32\rasadhlp.dll
0x00007ff886a90000 - 0x00007ff886b16000 	C:\Windows\System32\fwpuclnt.dll
0x00007ff88cf30000 - 0x00007ff88cf4b000 	C:\Windows\SYSTEM32\CRYPTSP.dll
0x00007ff88c5c0000 - 0x00007ff88c5f9000 	C:\Windows\system32\rsaenh.dll
0x00007ff88ccd0000 - 0x00007ff88cd02000 	C:\Windows\SYSTEM32\USERENV.dll
0x00007ff88d750000 - 0x00007ff88d77a000 	C:\Windows\SYSTEM32\bcrypt.dll
0x00007ff88cf10000 - 0x00007ff88cf1c000 	C:\Windows\SYSTEM32\CRYPTBASE.dll
0x00007ff8868e0000 - 0x00007ff8868fd000 	C:\Windows\SYSTEM32\dhcpcsvc6.DLL
0x00007ff886830000 - 0x00007ff886855000 	C:\Windows\SYSTEM32\dhcpcsvc.DLL
0x00007ff84ab80000 - 0x00007ff84ab89000 	C:\Users\Maxel\miniconda3\Library\lib\jvm\bin\extnet.dll
0x00007ff83a500000 - 0x00007ff83a509000 	C:\Users\Maxel\miniconda3\Library\lib\jvm\bin\jaas.dll
0x00007ff833000000 - 0x00007ff83300e000 	C:\Users\Maxel\miniconda3\Library\lib\jvm\bin\sunmscapi.dll
0x00007ff88de90000 - 0x00007ff88e008000 	C:\Windows\System32\CRYPT32.dll
0x00007ff88d150000 - 0x00007ff88d180000 	C:\Windows\SYSTEM32\ncrypt.dll
0x00007ff88d100000 - 0x00007ff88d13f000 	C:\Windows\SYSTEM32\NTASN1.dll
0x00007ff879450000 - 0x00007ff879458000 	C:\Windows\system32\wshunix.dll
0x00007ff8304f0000 - 0x00007ff830500000 	C:\Users\Maxel\miniconda3\Library\lib\jvm\bin\verify.dll
0x00007ff8082e0000 - 0x00007ff808328000 	C:\Users\Maxel\AppData\Local\Temp\liblz4-java-9298558062568398487.dll

dbghelp: loaded successfully - version: 4.0.5 - missing functions: none
symbol engine: initialized successfully - sym options: 0x614 - pdb path: .;C:\Users\Maxel\miniconda3\Library\lib\jvm\bin;C:\Windows\SYSTEM32;C:\Windows\WinSxS\amd64_microsoft.windows.common-controls_6595b64144ccf1df_6.0.26100.8875_none_3e0d5d42e32fe9dd;C:\Users\Maxel\miniconda3\Library\lib\jvm\bin\server;C:\Users\Maxel\AppData\Local\Temp

VM Arguments:
jvm_args: -Xmx4g -XX:+IgnoreUnrecognizedVMOptions --add-modules=jdk.incubator.vector --add-opens=java.base/java.lang=ALL-UNNAMED --add-opens=java.base/java.lang.invoke=ALL-UNNAMED --add-opens=java.base/java.lang.reflect=ALL-UNNAMED --add-opens=java.base/java.io=ALL-UNNAMED --add-opens=java.base/java.net=ALL-UNNAMED --add-opens=java.base/java.nio=ALL-UNNAMED --add-opens=java.base/java.util=ALL-UNNAMED --add-opens=java.base/java.util.concurrent=ALL-UNNAMED --add-opens=java.base/java.util.concurrent.atomic=ALL-UNNAMED --add-opens=java.base/jdk.internal.ref=ALL-UNNAMED --add-opens=java.base/sun.nio.ch=ALL-UNNAMED --add-opens=java.base/sun.nio.cs=ALL-UNNAMED --add-opens=java.base/sun.security.action=ALL-UNNAMED --add-opens=java.base/sun.util.calendar=ALL-UNNAMED --add-opens=java.security.jgss/sun.security.krb5=ALL-UNNAMED -Dio.netty.tryReflectionSetAccessible=true -Dio.netty.allocator.type=pooled -Dio.netty.handler.ssl.defaultEndpointVerificationAlgorithm=NONE --sun-misc-unsafe-memory-access=allow --enable-native-access=ALL-UNNAMED -Dderby.connection.requireAuthentication=false 
java_command: org.apache.spark.deploy.SparkSubmit --conf spark.master=local[*] --conf spark.driver.memory=4g --conf spark.app.name=ifood-nb1 --conf spark.sql.shuffle.partitions=8 --conf spark.ui.enabled=false pyspark-shell
java_class_path (initial): C:\Users\Maxel\miniconda3\Lib\site-packages\pyspark\bin\..\conf;C:\Users\Maxel\miniconda3\Lib\site-packages\pyspark\bin\..\jars\slf4j-api-2.0.17.jar;C:\Users\Maxel\miniconda3\Lib\site-packages\pyspark\bin\..\jars\aircompressor-2.0.3.jar;C:\Users\Maxel\miniconda3\Lib\site-packages\pyspark\bin\..\jars\algebra_2.13-2.8.0.jar;C:\Users\Maxel\miniconda3\Lib\site-packages\pyspark\bin\..\jars\antlr-runtime-3.5.2.jar;C:\Users\Maxel\miniconda3\Lib\site-packages\pyspark\bin\..\jars\antlr4-runtime-4.13.1.jar;C:\Users\Maxel\miniconda3\Lib\site-packages\pyspark\bin\..\jars\aopalliance-repackaged-3.0.6.jar;C:\Users\Maxel\miniconda3\Lib\site-packages\pyspark\bin\..\jars\arpack-3.2.0.jar;C:\Users\Maxel\miniconda3\Lib\site-packages\pyspark\bin\..\jars\arpack_combined_all-0.1.jar;C:\Users\Maxel\miniconda3\Lib\site-packages\pyspark\bin\..\jars\arrow-compression-19.0.0.jar;C:\Users\Maxel\miniconda3\Lib\site-packages\pyspark\bin\..\jars\arrow-format-19.0.0.jar;C:\Users\Maxel\miniconda3\Lib\site-packages\pyspark\bin\..\jars\arrow-memory-core-19.0.0.jar;C:\Users\Maxel\miniconda3\Lib\site-packages\pyspark\bin\..\jars\arrow-memory-netty-19.0.0.jar;C:\Users\Maxel\miniconda3\Lib\site-packages\pyspark\bin\..\jars\arrow-memory-netty-buffer-patch-19.0.0.jar;C:\Users\Maxel\miniconda3\Lib\site-packages\pyspark\bin\..\jars\arrow-vector-19.0.0.jar;C:\Users\Maxel\miniconda3\Lib\site-packages\pyspark\bin\..\jars\audience-annotations-0.12.0.jar;C:\Users\Maxel\miniconda3\Lib\site-packages\pyspark\bin\..\jars\avro-1.12.1.jar;C:\Users\Maxel\miniconda3\Lib\site-packages\pyspark\bin\..\jars\avro-ipc-1.12.1.jar;C:\Users\Maxel\miniconda3\Lib\site-packages\pyspark\bin\..\jars\avro-mapred-1.12.1.jar;C:\Users\Maxel\miniconda3\Lib\site-packages\pyspark\bin\..\jars\blas-3.2.0.jar;C:\Users\Maxel\miniconda3\Lib\site-packages\pyspark\bin\..\jars\breeze-macros_2.13-2.1.0.jar;C:\Users\Maxel\miniconda3\Lib\site-packages\pyspark\bin\..\jars\breeze_2.13-2.1.0.jar;C:\Users\Maxel\miniconda3\Lib\s
Launcher Type: SUN_STANDARD

[Global flags]
     intx CICompilerCount                          = 12                                        {product} {ergonomic}
     uint ConcGCThreads                            = 3                                         {product} {ergonomic}
     uint G1ConcRefinementThreads                  = 13                                        {product} {ergonomic}
   size_t G1HeapRegionSize                         = 2097152                                   {product} {ergonomic}
    uintx GCDrainStackTargetSize                   = 64                                        {product} {ergonomic}
     bool IgnoreUnrecognizedVMOptions              = true                                      {product} {command line}
   size_t InitialHeapSize                          = 264241152                                 {product} {ergonomic}
   size_t MarkStackSize                            = 4194304                                   {product} {ergonomic}
   size_t MaxHeapSize                              = 4294967296                                {product} {command line}
   size_t MaxNewSize                               = 2575302656                                {product} {ergonomic}
   size_t MinHeapDeltaBytes                        = 2097152                                   {product} {ergonomic}
   size_t MinHeapSize                              = 8388608                                   {product} {ergonomic}
    uintx NonNMethodCodeHeapSize                   = 7602480                                {pd product} {ergonomic}
    uintx NonProfiledCodeHeapSize                  = 122027880                              {pd product} {ergonomic}
    uintx ProfiledCodeHeapSize                     = 122027880                              {pd product} {ergonomic}
    uintx ReservedCodeCacheSize                    = 251658240                              {pd product} {ergonomic}
     bool SegmentedCodeCache                       = true                                      {product} {ergonomic}
   size_t SoftMaxHeapSize                          = 4294967296                             {manageable} {ergonomic}
     bool UseCompressedClassPointers               = true                           {product lp64_product} {ergonomic}
     bool UseCompressedOops                        = true                           {product lp64_product} {ergonomic}
     bool UseG1GC                                  = true                                      {product} {ergonomic}
     bool UseLargePagesIndividualAllocation        = false                                  {pd product} {ergonomic}

Logging:
Log output configuration:
 #0: stdout all=warning uptime,level,tags
 #1: stderr all=off uptime,level,tags

Environment Variables:
JAVA_HOME=C:\Users\Maxel\miniconda3/Library/lib/jvm
PATH=C:\Users\Maxel\miniconda3;C:\Users\Maxel\miniconda3\Library\mingw-w64\bin;C:\Users\Maxel\miniconda3\Library\usr\bin;C:\Users\Maxel\miniconda3\Library\bin;C:\Users\Maxel\miniconda3\Scripts;C:\Users\Maxel\miniconda3\bin;C:\Users\Maxel\miniconda3\condabin;C:\Users\Maxel\bin;C:\Program Files\Git\mingw64\bin;C:\Program Files\Git\usr\local\bin;C:\Program Files\Git\usr\bin;C:\Program Files\Git\usr\bin;C:\Program Files\Git\mingw64\bin;C:\Program Files\Git\usr\bin;C:\Users\Maxel\bin;C:\Users\Maxel\miniconda3\envs\f1-lake\Scripts;C:\Windows\system32;C:\Windows;C:\Windows\System32\Wbem;C:\Windows\System32\WindowsPowerShell\v1.0;C:\Windows\System32\OpenSSH;C:\Program Files\dotnet;C:\Program Files (x86)\NVIDIA Corporation\PhysX\Common;C:\Program Files\Git\cmd;C:\Program Files\NVIDIA Corporation\NVIDIA app\NvDLISR;C:\Program Files (x86)\IVI Foundation\VISA\WinNT\Bin;C:\Program Files\IVI Foundation\VISA\Win64\Bin;C:\Program Files (x86)\IVI Foundation\VISA\WinNT\Bin;C:\Program Files\cursor\resources\app\bin;C:\Program Files\GitHub CLI;C:\Program Files\Docker\Docker\resources\bin;C:\Program Files\nodejs;C:\Program Files\PuTTY;C:\Users\Maxel\miniconda3;C:\Users\Maxel\miniconda3\Scripts;C:\Users\Maxel\miniconda3\Library\bin;C:\Users\Maxel\AppData\Local\Programs\Python\Python312\Scripts;C:\Users\Maxel\AppData\Local\Programs\Python\Python312;C:\Users\Maxel\AppData\Local\Programs\Python\Launcher;C:\Users\Maxel\AppData\Local\Microsoft\WindowsApps;C:\Users\Maxel\AppData\Local\Programs\Microsoft VS Code\bin;C:\Program Files\Git\cmd;C:\Users\Maxel\AppData\Local\Programs\cursor\resources\app\bin;C:\Users\Maxel\AppData\Local\Python\bin;C:\Users\Maxel\AppData\Roaming\npm;C:\Users\Maxel\AppData\Local\Microsoft\WinGet\Packages\Anthropic.ClaudeCode_Microsoft.Winget.Source_8wekyb3d8bbwe;C:\Users\Maxel\AppData\Local\Programs\Antigravity\bin;C:\users\maxel\appdata\roaming\python\python312\scripts;C:\users\maxel\.local\bin;C:\Program Files\Git\usr\bin\vendor_perl;C:\Program Files\Git\usr\bin\core_perl;C:\Users\Maxel\AppData\Roaming\Python\Python312\Scripts;C:\Users\Maxel\.local\bin
USERNAME=Maxel
DISPLAY=needs-to-be-defined
LANG=pt_BR.UTF-8
TERM=xterm-color
TMPDIR=C:\Users\Maxel\AppData\Local\Temp
OS=Windows_NT
PROCESSOR_IDENTIFIER=Intel64 Family 6 Model 183 Stepping 1, GenuineIntel
TMP=C:\Users\Maxel\AppData\Local\Temp
TEMP=C:\Users\Maxel\AppData\Local\Temp



Periodic native trim disabled


---------------  S Y S T E M  ---------------

OS:
 Windows 11 , 64 bit Build 26100 (10.0.26100.8875)
OS uptime: 19 days 13:15 hours
Hyper-V role detected

CPU: total 16 (initial active 16) (8 cores per cpu, 2 threads per core) family 6 model 183 stepping 1 microcode 0x133, cx8, cmov, fxsr, ht, mmx, 3dnowpref, sse, sse2, sse3, ssse3, sse4.1, sse4.2, popcnt, lzcnt, tsc, tscinvbit, avx, avx2, aes, erms, clmul, bmi1, bmi2, adx, sha, fma, vzeroupper, clflush, clflushopt, clwb, hv
Processor Information for processor 0
  Max Mhz: 2400, Current Mhz: 2400, Mhz Limit: 2400
Processor Information for processor 1
  Max Mhz: 2400, Current Mhz: 2400, Mhz Limit: 2400
Processor Information for processor 2
  Max Mhz: 2400, Current Mhz: 2400, Mhz Limit: 2400
Processor Information for processor 3
  Max Mhz: 2400, Current Mhz: 2400, Mhz Limit: 2400
Processor Information for processor 4
  Max Mhz: 2400, Current Mhz: 2400, Mhz Limit: 2400
Processor Information for processor 5
  Max Mhz: 2400, Current Mhz: 2400, Mhz Limit: 2400
Processor Information for processor 6
  Max Mhz: 2400, Current Mhz: 2400, Mhz Limit: 2400
Processor Information for processor 7
  Max Mhz: 2400, Current Mhz: 2400, Mhz Limit: 2400
Processor Information for processor 8
  Max Mhz: 2400, Current Mhz: 2400, Mhz Limit: 2400
Processor Information for processor 9
  Max Mhz: 2400, Current Mhz: 2400, Mhz Limit: 2400
Processor Information for processor 10
  Max Mhz: 2400, Current Mhz: 2400, Mhz Limit: 2400
Processor Information for processor 11
  Max Mhz: 2400, Current Mhz: 2400, Mhz Limit: 2400
Processor Information for processor 12
  Max Mhz: 2400, Current Mhz: 1466, Mhz Limit: 2400
Processor Information for processor 13
  Max Mhz: 2400, Current Mhz: 1466, Mhz Limit: 2400
Processor Information for processor 14
  Max Mhz: 2400, Current Mhz: 1466, Mhz Limit: 2400
Processor Information for processor 15
  Max Mhz: 2400, Current Mhz: 1466, Mhz Limit: 2400

Memory: 4k page, system-wide physical 16068M (725M free)
TotalPageFile size 64974M (AvailPageFile size 707M)
current process WorkingSet (physical memory assigned to process): 691M, peak: 694M
current process commit charge ("private bytes"): 1032M, peak: 2399M

vm_info: OpenJDK 64-Bit Server VM (17.0.18+8-LTS) for windows-amd64 JRE (17.0.18+8-LTS) (Zulu17.64+17-CA), built on Jan 23 2026 18:05:55 by "zulu_re" with MS VC++ 16.10 / 16.11 (VS2019)

END.
